-- VOOM Ghana Taxonomy & Seed Data
-- Generated: 2026-03-14T02:48:37.421Z
-- Run against your PostgreSQL database

BEGIN;

-- ============ CATEGORIES ============
INSERT INTO categories (id, name, slug) VALUES (1, 'Engine & Drivetrain', 'engine-drivetrain') ON CONFLICT (id) DO UPDATE SET name = EXCLUDED.name, slug = EXCLUDED.slug;
INSERT INTO categories (id, name, slug) VALUES (2, 'Brakes, Suspension & Steering', 'brakes-suspension-steering') ON CONFLICT (id) DO UPDATE SET name = EXCLUDED.name, slug = EXCLUDED.slug;
INSERT INTO categories (id, name, slug) VALUES (3, 'Exterior & Body Parts', 'exterior-body') ON CONFLICT (id) DO UPDATE SET name = EXCLUDED.name, slug = EXCLUDED.slug;
INSERT INTO categories (id, name, slug) VALUES (4, 'Headlights & Lighting', 'headlights-lighting') ON CONFLICT (id) DO UPDATE SET name = EXCLUDED.name, slug = EXCLUDED.slug;
INSERT INTO categories (id, name, slug) VALUES (5, 'Cooling System', 'cooling-system') ON CONFLICT (id) DO UPDATE SET name = EXCLUDED.name, slug = EXCLUDED.slug;
INSERT INTO categories (id, name, slug) VALUES (6, 'Filters & Fluids', 'filters-fluids') ON CONFLICT (id) DO UPDATE SET name = EXCLUDED.name, slug = EXCLUDED.slug;
INSERT INTO categories (id, name, slug) VALUES (7, 'Transmission & Clutch', 'transmission-clutch') ON CONFLICT (id) DO UPDATE SET name = EXCLUDED.name, slug = EXCLUDED.slug;
INSERT INTO categories (id, name, slug) VALUES (8, 'Electrical & Electronics', 'electrical-electronics') ON CONFLICT (id) DO UPDATE SET name = EXCLUDED.name, slug = EXCLUDED.slug;
INSERT INTO categories (id, name, slug) VALUES (9, 'Wheels & Tires', 'wheels-tires') ON CONFLICT (id) DO UPDATE SET name = EXCLUDED.name, slug = EXCLUDED.slug;
INSERT INTO categories (id, name, slug) VALUES (10, 'Interior & Accessories', 'interior-accessories') ON CONFLICT (id) DO UPDATE SET name = EXCLUDED.name, slug = EXCLUDED.slug;
INSERT INTO categories (id, name, slug) VALUES (11, 'Audio & Entertainment', 'audio-entertainment') ON CONFLICT (id) DO UPDATE SET name = EXCLUDED.name, slug = EXCLUDED.slug;
INSERT INTO categories (id, name, slug) VALUES (12, 'Safety & Security', 'safety-security') ON CONFLICT (id) DO UPDATE SET name = EXCLUDED.name, slug = EXCLUDED.slug;

-- ============ SUBCATEGORIES ============
-- Create subcategories table if not exists:
CREATE TABLE IF NOT EXISTS subcategories (
  id SERIAL PRIMARY KEY,
  category_id INTEGER REFERENCES categories(id),
  name TEXT NOT NULL,
  slug TEXT NOT NULL,
  UNIQUE(category_id, slug)
);

INSERT INTO subcategories (id, category_id, name, slug) VALUES (1, 1, 'Engine Block', 'engine-block') ON CONFLICT (category_id, slug) DO NOTHING;
INSERT INTO subcategories (id, category_id, name, slug) VALUES (2, 1, 'Cylinder Head', 'cylinder-head') ON CONFLICT (category_id, slug) DO NOTHING;
INSERT INTO subcategories (id, category_id, name, slug) VALUES (3, 1, 'Piston & Rings', 'piston-rings') ON CONFLICT (category_id, slug) DO NOTHING;
INSERT INTO subcategories (id, category_id, name, slug) VALUES (4, 1, 'Timing Belt/Chain', 'timing-belt-chain') ON CONFLICT (category_id, slug) DO NOTHING;
INSERT INTO subcategories (id, category_id, name, slug) VALUES (5, 1, 'Engine Mount', 'engine-mount') ON CONFLICT (category_id, slug) DO NOTHING;
INSERT INTO subcategories (id, category_id, name, slug) VALUES (6, 1, 'Turbocharger', 'turbocharger') ON CONFLICT (category_id, slug) DO NOTHING;
INSERT INTO subcategories (id, category_id, name, slug) VALUES (7, 1, 'Fuel Injector', 'fuel-injector') ON CONFLICT (category_id, slug) DO NOTHING;
INSERT INTO subcategories (id, category_id, name, slug) VALUES (8, 1, 'Fuel Pump', 'fuel-pump') ON CONFLICT (category_id, slug) DO NOTHING;
INSERT INTO subcategories (id, category_id, name, slug) VALUES (9, 1, 'Spark Plug', 'spark-plug') ON CONFLICT (category_id, slug) DO NOTHING;
INSERT INTO subcategories (id, category_id, name, slug) VALUES (10, 1, 'Ignition Coil', 'ignition-coil') ON CONFLICT (category_id, slug) DO NOTHING;
INSERT INTO subcategories (id, category_id, name, slug) VALUES (11, 1, 'Valve Cover Gasket', 'valve-cover-gasket') ON CONFLICT (category_id, slug) DO NOTHING;
INSERT INTO subcategories (id, category_id, name, slug) VALUES (12, 1, 'Oil Pan', 'oil-pan') ON CONFLICT (category_id, slug) DO NOTHING;
INSERT INTO subcategories (id, category_id, name, slug) VALUES (13, 1, 'Crankshaft', 'crankshaft') ON CONFLICT (category_id, slug) DO NOTHING;
INSERT INTO subcategories (id, category_id, name, slug) VALUES (14, 1, 'Camshaft', 'camshaft') ON CONFLICT (category_id, slug) DO NOTHING;
INSERT INTO subcategories (id, category_id, name, slug) VALUES (15, 1, 'Throttle Body', 'throttle-body') ON CONFLICT (category_id, slug) DO NOTHING;
INSERT INTO subcategories (id, category_id, name, slug) VALUES (16, 1, 'Intake Manifold', 'intake-manifold') ON CONFLICT (category_id, slug) DO NOTHING;
INSERT INTO subcategories (id, category_id, name, slug) VALUES (17, 1, 'Exhaust Manifold', 'exhaust-manifold') ON CONFLICT (category_id, slug) DO NOTHING;
INSERT INTO subcategories (id, category_id, name, slug) VALUES (18, 1, 'Catalytic Converter', 'catalytic-converter') ON CONFLICT (category_id, slug) DO NOTHING;
INSERT INTO subcategories (id, category_id, name, slug) VALUES (19, 1, 'EGR Valve', 'egr-valve') ON CONFLICT (category_id, slug) DO NOTHING;
INSERT INTO subcategories (id, category_id, name, slug) VALUES (20, 1, 'Alternator', 'alternator') ON CONFLICT (category_id, slug) DO NOTHING;
INSERT INTO subcategories (id, category_id, name, slug) VALUES (21, 1, 'Starter Motor', 'starter-motor') ON CONFLICT (category_id, slug) DO NOTHING;
INSERT INTO subcategories (id, category_id, name, slug) VALUES (22, 1, 'Flywheel', 'flywheel') ON CONFLICT (category_id, slug) DO NOTHING;
INSERT INTO subcategories (id, category_id, name, slug) VALUES (23, 1, 'Drive Belt', 'drive-belt') ON CONFLICT (category_id, slug) DO NOTHING;
INSERT INTO subcategories (id, category_id, name, slug) VALUES (24, 1, 'Water Pump', 'water-pump') ON CONFLICT (category_id, slug) DO NOTHING;
INSERT INTO subcategories (id, category_id, name, slug) VALUES (25, 2, 'Brake Pads (Front)', 'brake-pads-front') ON CONFLICT (category_id, slug) DO NOTHING;
INSERT INTO subcategories (id, category_id, name, slug) VALUES (26, 2, 'Brake Pads (Rear)', 'brake-pads-rear') ON CONFLICT (category_id, slug) DO NOTHING;
INSERT INTO subcategories (id, category_id, name, slug) VALUES (27, 2, 'Brake Disc/Rotor', 'brake-disc-rotor') ON CONFLICT (category_id, slug) DO NOTHING;
INSERT INTO subcategories (id, category_id, name, slug) VALUES (28, 2, 'Brake Caliper', 'brake-caliper') ON CONFLICT (category_id, slug) DO NOTHING;
INSERT INTO subcategories (id, category_id, name, slug) VALUES (29, 2, 'Brake Master Cylinder', 'brake-master-cylinder') ON CONFLICT (category_id, slug) DO NOTHING;
INSERT INTO subcategories (id, category_id, name, slug) VALUES (30, 2, 'Brake Hose/Line', 'brake-hose-line') ON CONFLICT (category_id, slug) DO NOTHING;
INSERT INTO subcategories (id, category_id, name, slug) VALUES (31, 2, 'Shock Absorber (Front)', 'shock-absorber-front') ON CONFLICT (category_id, slug) DO NOTHING;
INSERT INTO subcategories (id, category_id, name, slug) VALUES (32, 2, 'Shock Absorber (Rear)', 'shock-absorber-rear') ON CONFLICT (category_id, slug) DO NOTHING;
INSERT INTO subcategories (id, category_id, name, slug) VALUES (33, 2, 'Strut Assembly', 'strut-assembly') ON CONFLICT (category_id, slug) DO NOTHING;
INSERT INTO subcategories (id, category_id, name, slug) VALUES (34, 2, 'Coil Spring', 'coil-spring') ON CONFLICT (category_id, slug) DO NOTHING;
INSERT INTO subcategories (id, category_id, name, slug) VALUES (35, 2, 'Leaf Spring', 'leaf-spring') ON CONFLICT (category_id, slug) DO NOTHING;
INSERT INTO subcategories (id, category_id, name, slug) VALUES (36, 2, 'Control Arm (Upper)', 'control-arm-upper') ON CONFLICT (category_id, slug) DO NOTHING;
INSERT INTO subcategories (id, category_id, name, slug) VALUES (37, 2, 'Control Arm (Lower)', 'control-arm-lower') ON CONFLICT (category_id, slug) DO NOTHING;
INSERT INTO subcategories (id, category_id, name, slug) VALUES (38, 2, 'Ball Joint', 'ball-joint') ON CONFLICT (category_id, slug) DO NOTHING;
INSERT INTO subcategories (id, category_id, name, slug) VALUES (39, 2, 'Tie Rod End', 'tie-rod-end') ON CONFLICT (category_id, slug) DO NOTHING;
INSERT INTO subcategories (id, category_id, name, slug) VALUES (40, 2, 'Stabilizer/Sway Bar Link', 'stabilizer-sway-bar-link') ON CONFLICT (category_id, slug) DO NOTHING;
INSERT INTO subcategories (id, category_id, name, slug) VALUES (41, 2, 'Power Steering Pump', 'power-steering-pump') ON CONFLICT (category_id, slug) DO NOTHING;
INSERT INTO subcategories (id, category_id, name, slug) VALUES (42, 2, 'Steering Rack', 'steering-rack') ON CONFLICT (category_id, slug) DO NOTHING;
INSERT INTO subcategories (id, category_id, name, slug) VALUES (43, 2, 'Steering Column', 'steering-column') ON CONFLICT (category_id, slug) DO NOTHING;
INSERT INTO subcategories (id, category_id, name, slug) VALUES (44, 2, 'Wheel Bearing', 'wheel-bearing') ON CONFLICT (category_id, slug) DO NOTHING;
INSERT INTO subcategories (id, category_id, name, slug) VALUES (45, 2, 'Hub Assembly', 'hub-assembly') ON CONFLICT (category_id, slug) DO NOTHING;
INSERT INTO subcategories (id, category_id, name, slug) VALUES (46, 2, 'CV Joint', 'cv-joint') ON CONFLICT (category_id, slug) DO NOTHING;
INSERT INTO subcategories (id, category_id, name, slug) VALUES (47, 2, 'CV Axle/Driveshaft', 'cv-axle-driveshaft') ON CONFLICT (category_id, slug) DO NOTHING;
INSERT INTO subcategories (id, category_id, name, slug) VALUES (48, 2, 'Bushing Kit', 'bushing-kit') ON CONFLICT (category_id, slug) DO NOTHING;
INSERT INTO subcategories (id, category_id, name, slug) VALUES (49, 3, 'Front Bumper', 'front-bumper') ON CONFLICT (category_id, slug) DO NOTHING;
INSERT INTO subcategories (id, category_id, name, slug) VALUES (50, 3, 'Rear Bumper', 'rear-bumper') ON CONFLICT (category_id, slug) DO NOTHING;
INSERT INTO subcategories (id, category_id, name, slug) VALUES (51, 3, 'Bumper Cover', 'bumper-cover') ON CONFLICT (category_id, slug) DO NOTHING;
INSERT INTO subcategories (id, category_id, name, slug) VALUES (52, 3, 'Fender', 'fender') ON CONFLICT (category_id, slug) DO NOTHING;
INSERT INTO subcategories (id, category_id, name, slug) VALUES (53, 3, 'Hood/Bonnet', 'hood-bonnet') ON CONFLICT (category_id, slug) DO NOTHING;
INSERT INTO subcategories (id, category_id, name, slug) VALUES (54, 3, 'Trunk/Boot Lid', 'trunk-boot-lid') ON CONFLICT (category_id, slug) DO NOTHING;
INSERT INTO subcategories (id, category_id, name, slug) VALUES (55, 3, 'Door (Complete)', 'door-complete') ON CONFLICT (category_id, slug) DO NOTHING;
INSERT INTO subcategories (id, category_id, name, slug) VALUES (56, 3, 'Door Handle', 'door-handle') ON CONFLICT (category_id, slug) DO NOTHING;
INSERT INTO subcategories (id, category_id, name, slug) VALUES (57, 3, 'Side Mirror', 'side-mirror') ON CONFLICT (category_id, slug) DO NOTHING;
INSERT INTO subcategories (id, category_id, name, slug) VALUES (58, 3, 'Grille', 'grille') ON CONFLICT (category_id, slug) DO NOTHING;
INSERT INTO subcategories (id, category_id, name, slug) VALUES (59, 3, 'Mudguard/Fender Liner', 'mudguard-fender-liner') ON CONFLICT (category_id, slug) DO NOTHING;
INSERT INTO subcategories (id, category_id, name, slug) VALUES (60, 3, 'Roof Rack', 'roof-rack') ON CONFLICT (category_id, slug) DO NOTHING;
INSERT INTO subcategories (id, category_id, name, slug) VALUES (61, 3, 'Running Board/Side Step', 'running-board-side-step') ON CONFLICT (category_id, slug) DO NOTHING;
INSERT INTO subcategories (id, category_id, name, slug) VALUES (62, 3, 'Spoiler', 'spoiler') ON CONFLICT (category_id, slug) DO NOTHING;
INSERT INTO subcategories (id, category_id, name, slug) VALUES (63, 3, 'Windshield/Windscreen', 'windshield-windscreen') ON CONFLICT (category_id, slug) DO NOTHING;
INSERT INTO subcategories (id, category_id, name, slug) VALUES (64, 3, 'Rear Window', 'rear-window') ON CONFLICT (category_id, slug) DO NOTHING;
INSERT INTO subcategories (id, category_id, name, slug) VALUES (65, 3, 'Door Glass', 'door-glass') ON CONFLICT (category_id, slug) DO NOTHING;
INSERT INTO subcategories (id, category_id, name, slug) VALUES (66, 3, 'Quarter Panel', 'quarter-panel') ON CONFLICT (category_id, slug) DO NOTHING;
INSERT INTO subcategories (id, category_id, name, slug) VALUES (67, 3, 'Rocker Panel', 'rocker-panel') ON CONFLICT (category_id, slug) DO NOTHING;
INSERT INTO subcategories (id, category_id, name, slug) VALUES (68, 3, 'Tailgate', 'tailgate') ON CONFLICT (category_id, slug) DO NOTHING;
INSERT INTO subcategories (id, category_id, name, slug) VALUES (69, 4, 'Headlight Assembly (Left)', 'headlight-assembly-left') ON CONFLICT (category_id, slug) DO NOTHING;
INSERT INTO subcategories (id, category_id, name, slug) VALUES (70, 4, 'Headlight Assembly (Right)', 'headlight-assembly-right') ON CONFLICT (category_id, slug) DO NOTHING;
INSERT INTO subcategories (id, category_id, name, slug) VALUES (71, 4, 'Tail Light Assembly (Left)', 'tail-light-assembly-left') ON CONFLICT (category_id, slug) DO NOTHING;
INSERT INTO subcategories (id, category_id, name, slug) VALUES (72, 4, 'Tail Light Assembly (Right)', 'tail-light-assembly-right') ON CONFLICT (category_id, slug) DO NOTHING;
INSERT INTO subcategories (id, category_id, name, slug) VALUES (73, 4, 'Fog Light', 'fog-light') ON CONFLICT (category_id, slug) DO NOTHING;
INSERT INTO subcategories (id, category_id, name, slug) VALUES (74, 4, 'Turn Signal Light', 'turn-signal-light') ON CONFLICT (category_id, slug) DO NOTHING;
INSERT INTO subcategories (id, category_id, name, slug) VALUES (75, 4, 'Side Marker Light', 'side-marker-light') ON CONFLICT (category_id, slug) DO NOTHING;
INSERT INTO subcategories (id, category_id, name, slug) VALUES (76, 4, 'Third Brake Light', 'third-brake-light') ON CONFLICT (category_id, slug) DO NOTHING;
INSERT INTO subcategories (id, category_id, name, slug) VALUES (77, 4, 'LED Light Bar', 'led-light-bar') ON CONFLICT (category_id, slug) DO NOTHING;
INSERT INTO subcategories (id, category_id, name, slug) VALUES (78, 4, 'Headlight Bulb', 'headlight-bulb') ON CONFLICT (category_id, slug) DO NOTHING;
INSERT INTO subcategories (id, category_id, name, slug) VALUES (79, 4, 'Interior Light', 'interior-light') ON CONFLICT (category_id, slug) DO NOTHING;
INSERT INTO subcategories (id, category_id, name, slug) VALUES (80, 4, 'License Plate Light', 'license-plate-light') ON CONFLICT (category_id, slug) DO NOTHING;
INSERT INTO subcategories (id, category_id, name, slug) VALUES (81, 4, 'Reverse Light', 'reverse-light') ON CONFLICT (category_id, slug) DO NOTHING;
INSERT INTO subcategories (id, category_id, name, slug) VALUES (82, 4, 'DRL (Daytime Running Light)', 'drl-daytime-running-light') ON CONFLICT (category_id, slug) DO NOTHING;
INSERT INTO subcategories (id, category_id, name, slug) VALUES (83, 5, 'Radiator', 'radiator') ON CONFLICT (category_id, slug) DO NOTHING;
INSERT INTO subcategories (id, category_id, name, slug) VALUES (84, 5, 'Radiator Fan', 'radiator-fan') ON CONFLICT (category_id, slug) DO NOTHING;
INSERT INTO subcategories (id, category_id, name, slug) VALUES (85, 5, 'Radiator Hose (Upper)', 'radiator-hose-upper') ON CONFLICT (category_id, slug) DO NOTHING;
INSERT INTO subcategories (id, category_id, name, slug) VALUES (86, 5, 'Radiator Hose (Lower)', 'radiator-hose-lower') ON CONFLICT (category_id, slug) DO NOTHING;
INSERT INTO subcategories (id, category_id, name, slug) VALUES (87, 5, 'Thermostat', 'thermostat') ON CONFLICT (category_id, slug) DO NOTHING;
INSERT INTO subcategories (id, category_id, name, slug) VALUES (88, 5, 'Coolant Reservoir/Expansion Tank', 'coolant-reservoir-expansion-tank') ON CONFLICT (category_id, slug) DO NOTHING;
INSERT INTO subcategories (id, category_id, name, slug) VALUES (89, 5, 'Water Pump', 'water-pump') ON CONFLICT (category_id, slug) DO NOTHING;
INSERT INTO subcategories (id, category_id, name, slug) VALUES (90, 5, 'AC Condenser', 'ac-condenser') ON CONFLICT (category_id, slug) DO NOTHING;
INSERT INTO subcategories (id, category_id, name, slug) VALUES (91, 5, 'AC Compressor', 'ac-compressor') ON CONFLICT (category_id, slug) DO NOTHING;
INSERT INTO subcategories (id, category_id, name, slug) VALUES (92, 5, 'AC Evaporator', 'ac-evaporator') ON CONFLICT (category_id, slug) DO NOTHING;
INSERT INTO subcategories (id, category_id, name, slug) VALUES (93, 5, 'Heater Core', 'heater-core') ON CONFLICT (category_id, slug) DO NOTHING;
INSERT INTO subcategories (id, category_id, name, slug) VALUES (94, 5, 'Intercooler', 'intercooler') ON CONFLICT (category_id, slug) DO NOTHING;
INSERT INTO subcategories (id, category_id, name, slug) VALUES (95, 5, 'Oil Cooler', 'oil-cooler') ON CONFLICT (category_id, slug) DO NOTHING;
INSERT INTO subcategories (id, category_id, name, slug) VALUES (96, 5, 'Radiator Cap', 'radiator-cap') ON CONFLICT (category_id, slug) DO NOTHING;
INSERT INTO subcategories (id, category_id, name, slug) VALUES (97, 6, 'Oil Filter', 'oil-filter') ON CONFLICT (category_id, slug) DO NOTHING;
INSERT INTO subcategories (id, category_id, name, slug) VALUES (98, 6, 'Air Filter', 'air-filter') ON CONFLICT (category_id, slug) DO NOTHING;
INSERT INTO subcategories (id, category_id, name, slug) VALUES (99, 6, 'Fuel Filter', 'fuel-filter') ON CONFLICT (category_id, slug) DO NOTHING;
INSERT INTO subcategories (id, category_id, name, slug) VALUES (100, 6, 'Cabin/Pollen Filter', 'cabin-pollen-filter') ON CONFLICT (category_id, slug) DO NOTHING;
INSERT INTO subcategories (id, category_id, name, slug) VALUES (101, 6, 'Transmission Filter', 'transmission-filter') ON CONFLICT (category_id, slug) DO NOTHING;
INSERT INTO subcategories (id, category_id, name, slug) VALUES (102, 6, 'Engine Oil (5W-30)', 'engine-oil-5w-30') ON CONFLICT (category_id, slug) DO NOTHING;
INSERT INTO subcategories (id, category_id, name, slug) VALUES (103, 6, 'Engine Oil (10W-40)', 'engine-oil-10w-40') ON CONFLICT (category_id, slug) DO NOTHING;
INSERT INTO subcategories (id, category_id, name, slug) VALUES (104, 6, 'Engine Oil (15W-40)', 'engine-oil-15w-40') ON CONFLICT (category_id, slug) DO NOTHING;
INSERT INTO subcategories (id, category_id, name, slug) VALUES (105, 6, 'Transmission Fluid', 'transmission-fluid') ON CONFLICT (category_id, slug) DO NOTHING;
INSERT INTO subcategories (id, category_id, name, slug) VALUES (106, 6, 'Brake Fluid', 'brake-fluid') ON CONFLICT (category_id, slug) DO NOTHING;
INSERT INTO subcategories (id, category_id, name, slug) VALUES (107, 6, 'Coolant/Antifreeze', 'coolant-antifreeze') ON CONFLICT (category_id, slug) DO NOTHING;
INSERT INTO subcategories (id, category_id, name, slug) VALUES (108, 6, 'Power Steering Fluid', 'power-steering-fluid') ON CONFLICT (category_id, slug) DO NOTHING;
INSERT INTO subcategories (id, category_id, name, slug) VALUES (109, 6, 'Windshield Washer Fluid', 'windshield-washer-fluid') ON CONFLICT (category_id, slug) DO NOTHING;
INSERT INTO subcategories (id, category_id, name, slug) VALUES (110, 7, 'Transmission Assembly (Automatic)', 'transmission-assembly-automatic') ON CONFLICT (category_id, slug) DO NOTHING;
INSERT INTO subcategories (id, category_id, name, slug) VALUES (111, 7, 'Transmission Assembly (Manual)', 'transmission-assembly-manual') ON CONFLICT (category_id, slug) DO NOTHING;
INSERT INTO subcategories (id, category_id, name, slug) VALUES (112, 7, 'Clutch Kit', 'clutch-kit') ON CONFLICT (category_id, slug) DO NOTHING;
INSERT INTO subcategories (id, category_id, name, slug) VALUES (113, 7, 'Clutch Disc', 'clutch-disc') ON CONFLICT (category_id, slug) DO NOTHING;
INSERT INTO subcategories (id, category_id, name, slug) VALUES (114, 7, 'Clutch Pressure Plate', 'clutch-pressure-plate') ON CONFLICT (category_id, slug) DO NOTHING;
INSERT INTO subcategories (id, category_id, name, slug) VALUES (115, 7, 'Release Bearing', 'release-bearing') ON CONFLICT (category_id, slug) DO NOTHING;
INSERT INTO subcategories (id, category_id, name, slug) VALUES (116, 7, 'Gearbox Mount', 'gearbox-mount') ON CONFLICT (category_id, slug) DO NOTHING;
INSERT INTO subcategories (id, category_id, name, slug) VALUES (117, 7, 'Shift Cable', 'shift-cable') ON CONFLICT (category_id, slug) DO NOTHING;
INSERT INTO subcategories (id, category_id, name, slug) VALUES (118, 7, 'Torque Converter', 'torque-converter') ON CONFLICT (category_id, slug) DO NOTHING;
INSERT INTO subcategories (id, category_id, name, slug) VALUES (119, 7, 'Transfer Case', 'transfer-case') ON CONFLICT (category_id, slug) DO NOTHING;
INSERT INTO subcategories (id, category_id, name, slug) VALUES (120, 7, 'Differential', 'differential') ON CONFLICT (category_id, slug) DO NOTHING;
INSERT INTO subcategories (id, category_id, name, slug) VALUES (121, 7, 'Propeller Shaft/Drive Shaft', 'propeller-shaft-drive-shaft') ON CONFLICT (category_id, slug) DO NOTHING;
INSERT INTO subcategories (id, category_id, name, slug) VALUES (122, 8, 'Car Battery', 'car-battery') ON CONFLICT (category_id, slug) DO NOTHING;
INSERT INTO subcategories (id, category_id, name, slug) VALUES (123, 8, 'Alternator', 'alternator') ON CONFLICT (category_id, slug) DO NOTHING;
INSERT INTO subcategories (id, category_id, name, slug) VALUES (124, 8, 'Starter Motor', 'starter-motor') ON CONFLICT (category_id, slug) DO NOTHING;
INSERT INTO subcategories (id, category_id, name, slug) VALUES (125, 8, 'Fuse Box', 'fuse-box') ON CONFLICT (category_id, slug) DO NOTHING;
INSERT INTO subcategories (id, category_id, name, slug) VALUES (126, 8, 'Wiring Harness', 'wiring-harness') ON CONFLICT (category_id, slug) DO NOTHING;
INSERT INTO subcategories (id, category_id, name, slug) VALUES (127, 8, 'ECU/ECM (Engine Control Unit)', 'ecu-ecm-engine-control-unit') ON CONFLICT (category_id, slug) DO NOTHING;
INSERT INTO subcategories (id, category_id, name, slug) VALUES (128, 8, 'ABS Module', 'abs-module') ON CONFLICT (category_id, slug) DO NOTHING;
INSERT INTO subcategories (id, category_id, name, slug) VALUES (129, 8, 'Window Regulator/Motor', 'window-regulator-motor') ON CONFLICT (category_id, slug) DO NOTHING;
INSERT INTO subcategories (id, category_id, name, slug) VALUES (130, 8, 'Door Lock Actuator', 'door-lock-actuator') ON CONFLICT (category_id, slug) DO NOTHING;
INSERT INTO subcategories (id, category_id, name, slug) VALUES (131, 8, 'Ignition Switch', 'ignition-switch') ON CONFLICT (category_id, slug) DO NOTHING;
INSERT INTO subcategories (id, category_id, name, slug) VALUES (132, 8, 'Blower Motor', 'blower-motor') ON CONFLICT (category_id, slug) DO NOTHING;
INSERT INTO subcategories (id, category_id, name, slug) VALUES (133, 8, 'Horn', 'horn') ON CONFLICT (category_id, slug) DO NOTHING;
INSERT INTO subcategories (id, category_id, name, slug) VALUES (134, 8, 'Relay', 'relay') ON CONFLICT (category_id, slug) DO NOTHING;
INSERT INTO subcategories (id, category_id, name, slug) VALUES (135, 8, 'Sensor (O2/Lambda)', 'sensor-o2-lambda') ON CONFLICT (category_id, slug) DO NOTHING;
INSERT INTO subcategories (id, category_id, name, slug) VALUES (136, 8, 'Sensor (Crankshaft Position)', 'sensor-crankshaft-position') ON CONFLICT (category_id, slug) DO NOTHING;
INSERT INTO subcategories (id, category_id, name, slug) VALUES (137, 8, 'Sensor (Camshaft Position)', 'sensor-camshaft-position') ON CONFLICT (category_id, slug) DO NOTHING;
INSERT INTO subcategories (id, category_id, name, slug) VALUES (138, 8, 'Sensor (MAF/Mass Air Flow)', 'sensor-maf-mass-air-flow') ON CONFLICT (category_id, slug) DO NOTHING;
INSERT INTO subcategories (id, category_id, name, slug) VALUES (139, 8, 'Sensor (MAP)', 'sensor-map') ON CONFLICT (category_id, slug) DO NOTHING;
INSERT INTO subcategories (id, category_id, name, slug) VALUES (140, 8, 'Sensor (Knock)', 'sensor-knock') ON CONFLICT (category_id, slug) DO NOTHING;
INSERT INTO subcategories (id, category_id, name, slug) VALUES (141, 8, 'Speed Sensor (ABS/Wheel)', 'speed-sensor-abs-wheel') ON CONFLICT (category_id, slug) DO NOTHING;
INSERT INTO subcategories (id, category_id, name, slug) VALUES (142, 9, 'Alloy Wheel/Rim', 'alloy-wheel-rim') ON CONFLICT (category_id, slug) DO NOTHING;
INSERT INTO subcategories (id, category_id, name, slug) VALUES (143, 9, 'Steel Wheel/Rim', 'steel-wheel-rim') ON CONFLICT (category_id, slug) DO NOTHING;
INSERT INTO subcategories (id, category_id, name, slug) VALUES (144, 9, 'Tire (New)', 'tire-new') ON CONFLICT (category_id, slug) DO NOTHING;
INSERT INTO subcategories (id, category_id, name, slug) VALUES (145, 9, 'Tire (Used)', 'tire-used') ON CONFLICT (category_id, slug) DO NOTHING;
INSERT INTO subcategories (id, category_id, name, slug) VALUES (146, 9, 'Spare Tire', 'spare-tire') ON CONFLICT (category_id, slug) DO NOTHING;
INSERT INTO subcategories (id, category_id, name, slug) VALUES (147, 9, 'Wheel Cover/Hubcap', 'wheel-cover-hubcap') ON CONFLICT (category_id, slug) DO NOTHING;
INSERT INTO subcategories (id, category_id, name, slug) VALUES (148, 9, 'Lug Nut', 'lug-nut') ON CONFLICT (category_id, slug) DO NOTHING;
INSERT INTO subcategories (id, category_id, name, slug) VALUES (149, 9, 'Wheel Stud', 'wheel-stud') ON CONFLICT (category_id, slug) DO NOTHING;
INSERT INTO subcategories (id, category_id, name, slug) VALUES (150, 9, 'TPMS Sensor', 'tpms-sensor') ON CONFLICT (category_id, slug) DO NOTHING;
INSERT INTO subcategories (id, category_id, name, slug) VALUES (151, 9, 'Wheel Spacer', 'wheel-spacer') ON CONFLICT (category_id, slug) DO NOTHING;
INSERT INTO subcategories (id, category_id, name, slug) VALUES (152, 10, 'Seat (Complete)', 'seat-complete') ON CONFLICT (category_id, slug) DO NOTHING;
INSERT INTO subcategories (id, category_id, name, slug) VALUES (153, 10, 'Seat Cover', 'seat-cover') ON CONFLICT (category_id, slug) DO NOTHING;
INSERT INTO subcategories (id, category_id, name, slug) VALUES (154, 10, 'Floor Mat', 'floor-mat') ON CONFLICT (category_id, slug) DO NOTHING;
INSERT INTO subcategories (id, category_id, name, slug) VALUES (155, 10, 'Dashboard', 'dashboard') ON CONFLICT (category_id, slug) DO NOTHING;
INSERT INTO subcategories (id, category_id, name, slug) VALUES (156, 10, 'Steering Wheel', 'steering-wheel') ON CONFLICT (category_id, slug) DO NOTHING;
INSERT INTO subcategories (id, category_id, name, slug) VALUES (157, 10, 'Gear Knob/Shift Lever', 'gear-knob-shift-lever') ON CONFLICT (category_id, slug) DO NOTHING;
INSERT INTO subcategories (id, category_id, name, slug) VALUES (158, 10, 'Sun Visor', 'sun-visor') ON CONFLICT (category_id, slug) DO NOTHING;
INSERT INTO subcategories (id, category_id, name, slug) VALUES (159, 10, 'Rearview Mirror (Interior)', 'rearview-mirror-interior') ON CONFLICT (category_id, slug) DO NOTHING;
INSERT INTO subcategories (id, category_id, name, slug) VALUES (160, 10, 'Center Console', 'center-console') ON CONFLICT (category_id, slug) DO NOTHING;
INSERT INTO subcategories (id, category_id, name, slug) VALUES (161, 10, 'Glove Box', 'glove-box') ON CONFLICT (category_id, slug) DO NOTHING;
INSERT INTO subcategories (id, category_id, name, slug) VALUES (162, 10, 'Seat Belt', 'seat-belt') ON CONFLICT (category_id, slug) DO NOTHING;
INSERT INTO subcategories (id, category_id, name, slug) VALUES (163, 10, 'Airbag Module', 'airbag-module') ON CONFLICT (category_id, slug) DO NOTHING;
INSERT INTO subcategories (id, category_id, name, slug) VALUES (164, 10, 'Clock Spring', 'clock-spring') ON CONFLICT (category_id, slug) DO NOTHING;
INSERT INTO subcategories (id, category_id, name, slug) VALUES (165, 10, 'Instrument Cluster', 'instrument-cluster') ON CONFLICT (category_id, slug) DO NOTHING;
INSERT INTO subcategories (id, category_id, name, slug) VALUES (166, 10, 'Radio/Head Unit', 'radio-head-unit') ON CONFLICT (category_id, slug) DO NOTHING;
INSERT INTO subcategories (id, category_id, name, slug) VALUES (167, 10, 'Speaker', 'speaker') ON CONFLICT (category_id, slug) DO NOTHING;
INSERT INTO subcategories (id, category_id, name, slug) VALUES (168, 10, 'Amplifier', 'amplifier') ON CONFLICT (category_id, slug) DO NOTHING;
INSERT INTO subcategories (id, category_id, name, slug) VALUES (169, 10, 'USB/AUX Adapter', 'usb-aux-adapter') ON CONFLICT (category_id, slug) DO NOTHING;
INSERT INTO subcategories (id, category_id, name, slug) VALUES (170, 11, 'Head Unit/Car Stereo', 'head-unit-car-stereo') ON CONFLICT (category_id, slug) DO NOTHING;
INSERT INTO subcategories (id, category_id, name, slug) VALUES (171, 11, 'Speaker Set', 'speaker-set') ON CONFLICT (category_id, slug) DO NOTHING;
INSERT INTO subcategories (id, category_id, name, slug) VALUES (172, 11, 'Subwoofer', 'subwoofer') ON CONFLICT (category_id, slug) DO NOTHING;
INSERT INTO subcategories (id, category_id, name, slug) VALUES (173, 11, 'Amplifier', 'amplifier') ON CONFLICT (category_id, slug) DO NOTHING;
INSERT INTO subcategories (id, category_id, name, slug) VALUES (174, 11, 'Bluetooth Adapter', 'bluetooth-adapter') ON CONFLICT (category_id, slug) DO NOTHING;
INSERT INTO subcategories (id, category_id, name, slug) VALUES (175, 11, 'Dash Cam', 'dash-cam') ON CONFLICT (category_id, slug) DO NOTHING;
INSERT INTO subcategories (id, category_id, name, slug) VALUES (176, 11, 'Reverse Camera', 'reverse-camera') ON CONFLICT (category_id, slug) DO NOTHING;
INSERT INTO subcategories (id, category_id, name, slug) VALUES (177, 11, 'GPS Navigator', 'gps-navigator') ON CONFLICT (category_id, slug) DO NOTHING;
INSERT INTO subcategories (id, category_id, name, slug) VALUES (178, 11, 'Android Auto/CarPlay Unit', 'android-auto-carplay-unit') ON CONFLICT (category_id, slug) DO NOTHING;
INSERT INTO subcategories (id, category_id, name, slug) VALUES (179, 11, 'Car Charger/Adapter', 'car-charger-adapter') ON CONFLICT (category_id, slug) DO NOTHING;
INSERT INTO subcategories (id, category_id, name, slug) VALUES (180, 12, 'Car Alarm System', 'car-alarm-system') ON CONFLICT (category_id, slug) DO NOTHING;
INSERT INTO subcategories (id, category_id, name, slug) VALUES (181, 12, 'Central Locking Kit', 'central-locking-kit') ON CONFLICT (category_id, slug) DO NOTHING;
INSERT INTO subcategories (id, category_id, name, slug) VALUES (182, 12, 'Immobilizer', 'immobilizer') ON CONFLICT (category_id, slug) DO NOTHING;
INSERT INTO subcategories (id, category_id, name, slug) VALUES (183, 12, 'GPS Tracker', 'gps-tracker') ON CONFLICT (category_id, slug) DO NOTHING;
INSERT INTO subcategories (id, category_id, name, slug) VALUES (184, 12, 'Dash Cam (Front)', 'dash-cam-front') ON CONFLICT (category_id, slug) DO NOTHING;
INSERT INTO subcategories (id, category_id, name, slug) VALUES (185, 12, 'Dash Cam (Dual)', 'dash-cam-dual') ON CONFLICT (category_id, slug) DO NOTHING;
INSERT INTO subcategories (id, category_id, name, slug) VALUES (186, 12, 'Parking Sensor', 'parking-sensor') ON CONFLICT (category_id, slug) DO NOTHING;
INSERT INTO subcategories (id, category_id, name, slug) VALUES (187, 12, 'Reverse Camera', 'reverse-camera') ON CONFLICT (category_id, slug) DO NOTHING;
INSERT INTO subcategories (id, category_id, name, slug) VALUES (188, 12, 'First Aid Kit', 'first-aid-kit') ON CONFLICT (category_id, slug) DO NOTHING;
INSERT INTO subcategories (id, category_id, name, slug) VALUES (189, 12, 'Fire Extinguisher', 'fire-extinguisher') ON CONFLICT (category_id, slug) DO NOTHING;
INSERT INTO subcategories (id, category_id, name, slug) VALUES (190, 12, 'Reflective Triangle', 'reflective-triangle') ON CONFLICT (category_id, slug) DO NOTHING;
INSERT INTO subcategories (id, category_id, name, slug) VALUES (191, 12, 'Wheel Lock/Clamp', 'wheel-lock-clamp') ON CONFLICT (category_id, slug) DO NOTHING;

-- ============ VEHICLE MAKES ============
INSERT INTO vehicle_makes (id, name) VALUES (1, 'Toyota') ON CONFLICT (id) DO UPDATE SET name = EXCLUDED.name;
INSERT INTO vehicle_makes (id, name) VALUES (2, 'Honda') ON CONFLICT (id) DO UPDATE SET name = EXCLUDED.name;
INSERT INTO vehicle_makes (id, name) VALUES (3, 'Hyundai') ON CONFLICT (id) DO UPDATE SET name = EXCLUDED.name;
INSERT INTO vehicle_makes (id, name) VALUES (4, 'Nissan') ON CONFLICT (id) DO UPDATE SET name = EXCLUDED.name;
INSERT INTO vehicle_makes (id, name) VALUES (5, 'Kia') ON CONFLICT (id) DO UPDATE SET name = EXCLUDED.name;
INSERT INTO vehicle_makes (id, name) VALUES (6, 'Mercedes-Benz') ON CONFLICT (id) DO UPDATE SET name = EXCLUDED.name;
INSERT INTO vehicle_makes (id, name) VALUES (7, 'BMW') ON CONFLICT (id) DO UPDATE SET name = EXCLUDED.name;
INSERT INTO vehicle_makes (id, name) VALUES (8, 'Volkswagen') ON CONFLICT (id) DO UPDATE SET name = EXCLUDED.name;
INSERT INTO vehicle_makes (id, name) VALUES (9, 'Ford') ON CONFLICT (id) DO UPDATE SET name = EXCLUDED.name;
INSERT INTO vehicle_makes (id, name) VALUES (10, 'Chevrolet') ON CONFLICT (id) DO UPDATE SET name = EXCLUDED.name;
INSERT INTO vehicle_makes (id, name) VALUES (11, 'Mazda') ON CONFLICT (id) DO UPDATE SET name = EXCLUDED.name;
INSERT INTO vehicle_makes (id, name) VALUES (12, 'Mitsubishi') ON CONFLICT (id) DO UPDATE SET name = EXCLUDED.name;
INSERT INTO vehicle_makes (id, name) VALUES (13, 'Suzuki') ON CONFLICT (id) DO UPDATE SET name = EXCLUDED.name;
INSERT INTO vehicle_makes (id, name) VALUES (14, 'Peugeot') ON CONFLICT (id) DO UPDATE SET name = EXCLUDED.name;
INSERT INTO vehicle_makes (id, name) VALUES (15, 'Renault') ON CONFLICT (id) DO UPDATE SET name = EXCLUDED.name;
INSERT INTO vehicle_makes (id, name) VALUES (16, 'Isuzu') ON CONFLICT (id) DO UPDATE SET name = EXCLUDED.name;
INSERT INTO vehicle_makes (id, name) VALUES (17, 'Land Rover') ON CONFLICT (id) DO UPDATE SET name = EXCLUDED.name;
INSERT INTO vehicle_makes (id, name) VALUES (18, 'Lexus') ON CONFLICT (id) DO UPDATE SET name = EXCLUDED.name;
INSERT INTO vehicle_makes (id, name) VALUES (19, 'Audi') ON CONFLICT (id) DO UPDATE SET name = EXCLUDED.name;
INSERT INTO vehicle_makes (id, name) VALUES (20, 'Subaru') ON CONFLICT (id) DO UPDATE SET name = EXCLUDED.name;
INSERT INTO vehicle_makes (id, name) VALUES (21, 'Acura') ON CONFLICT (id) DO UPDATE SET name = EXCLUDED.name;
INSERT INTO vehicle_makes (id, name) VALUES (22, 'DAF') ON CONFLICT (id) DO UPDATE SET name = EXCLUDED.name;
INSERT INTO vehicle_makes (id, name) VALUES (23, 'MAN') ON CONFLICT (id) DO UPDATE SET name = EXCLUDED.name;
INSERT INTO vehicle_makes (id, name) VALUES (24, 'Scania') ON CONFLICT (id) DO UPDATE SET name = EXCLUDED.name;

-- ============ VEHICLE MODELS ============
INSERT INTO vehicle_models (id, make_id, name) VALUES (1, 1, 'Corolla') ON CONFLICT (id) DO UPDATE SET name = EXCLUDED.name;
INSERT INTO vehicle_models (id, make_id, name) VALUES (2, 1, 'Camry') ON CONFLICT (id) DO UPDATE SET name = EXCLUDED.name;
INSERT INTO vehicle_models (id, make_id, name) VALUES (3, 1, 'RAV4') ON CONFLICT (id) DO UPDATE SET name = EXCLUDED.name;
INSERT INTO vehicle_models (id, make_id, name) VALUES (4, 1, 'Hilux') ON CONFLICT (id) DO UPDATE SET name = EXCLUDED.name;
INSERT INTO vehicle_models (id, make_id, name) VALUES (5, 1, 'Land Cruiser') ON CONFLICT (id) DO UPDATE SET name = EXCLUDED.name;
INSERT INTO vehicle_models (id, make_id, name) VALUES (6, 1, 'Land Cruiser Prado') ON CONFLICT (id) DO UPDATE SET name = EXCLUDED.name;
INSERT INTO vehicle_models (id, make_id, name) VALUES (7, 1, 'Yaris/Vitz') ON CONFLICT (id) DO UPDATE SET name = EXCLUDED.name;
INSERT INTO vehicle_models (id, make_id, name) VALUES (8, 1, 'Highlander') ON CONFLICT (id) DO UPDATE SET name = EXCLUDED.name;
INSERT INTO vehicle_models (id, make_id, name) VALUES (9, 1, '4Runner') ON CONFLICT (id) DO UPDATE SET name = EXCLUDED.name;
INSERT INTO vehicle_models (id, make_id, name) VALUES (10, 1, 'Tacoma') ON CONFLICT (id) DO UPDATE SET name = EXCLUDED.name;
INSERT INTO vehicle_models (id, make_id, name) VALUES (11, 1, 'Tundra') ON CONFLICT (id) DO UPDATE SET name = EXCLUDED.name;
INSERT INTO vehicle_models (id, make_id, name) VALUES (12, 1, 'Avalon') ON CONFLICT (id) DO UPDATE SET name = EXCLUDED.name;
INSERT INTO vehicle_models (id, make_id, name) VALUES (13, 1, 'Matrix') ON CONFLICT (id) DO UPDATE SET name = EXCLUDED.name;
INSERT INTO vehicle_models (id, make_id, name) VALUES (14, 1, 'Sienna') ON CONFLICT (id) DO UPDATE SET name = EXCLUDED.name;
INSERT INTO vehicle_models (id, make_id, name) VALUES (15, 1, 'C-HR') ON CONFLICT (id) DO UPDATE SET name = EXCLUDED.name;
INSERT INTO vehicle_models (id, make_id, name) VALUES (16, 1, 'Fortuner') ON CONFLICT (id) DO UPDATE SET name = EXCLUDED.name;
INSERT INTO vehicle_models (id, make_id, name) VALUES (17, 1, 'Rush') ON CONFLICT (id) DO UPDATE SET name = EXCLUDED.name;
INSERT INTO vehicle_models (id, make_id, name) VALUES (18, 1, 'Starlet') ON CONFLICT (id) DO UPDATE SET name = EXCLUDED.name;
INSERT INTO vehicle_models (id, make_id, name) VALUES (19, 2, 'Civic') ON CONFLICT (id) DO UPDATE SET name = EXCLUDED.name;
INSERT INTO vehicle_models (id, make_id, name) VALUES (20, 2, 'Accord') ON CONFLICT (id) DO UPDATE SET name = EXCLUDED.name;
INSERT INTO vehicle_models (id, make_id, name) VALUES (21, 2, 'CR-V') ON CONFLICT (id) DO UPDATE SET name = EXCLUDED.name;
INSERT INTO vehicle_models (id, make_id, name) VALUES (22, 2, 'Fit/Jazz') ON CONFLICT (id) DO UPDATE SET name = EXCLUDED.name;
INSERT INTO vehicle_models (id, make_id, name) VALUES (23, 2, 'HR-V') ON CONFLICT (id) DO UPDATE SET name = EXCLUDED.name;
INSERT INTO vehicle_models (id, make_id, name) VALUES (24, 2, 'Pilot') ON CONFLICT (id) DO UPDATE SET name = EXCLUDED.name;
INSERT INTO vehicle_models (id, make_id, name) VALUES (25, 2, 'Odyssey') ON CONFLICT (id) DO UPDATE SET name = EXCLUDED.name;
INSERT INTO vehicle_models (id, make_id, name) VALUES (26, 2, 'Element') ON CONFLICT (id) DO UPDATE SET name = EXCLUDED.name;
INSERT INTO vehicle_models (id, make_id, name) VALUES (27, 2, 'City') ON CONFLICT (id) DO UPDATE SET name = EXCLUDED.name;
INSERT INTO vehicle_models (id, make_id, name) VALUES (28, 2, 'Vezel') ON CONFLICT (id) DO UPDATE SET name = EXCLUDED.name;
INSERT INTO vehicle_models (id, make_id, name) VALUES (29, 3, 'Tucson') ON CONFLICT (id) DO UPDATE SET name = EXCLUDED.name;
INSERT INTO vehicle_models (id, make_id, name) VALUES (30, 3, 'Elantra') ON CONFLICT (id) DO UPDATE SET name = EXCLUDED.name;
INSERT INTO vehicle_models (id, make_id, name) VALUES (31, 3, 'Sonata') ON CONFLICT (id) DO UPDATE SET name = EXCLUDED.name;
INSERT INTO vehicle_models (id, make_id, name) VALUES (32, 3, 'Santa Fe') ON CONFLICT (id) DO UPDATE SET name = EXCLUDED.name;
INSERT INTO vehicle_models (id, make_id, name) VALUES (33, 3, 'Accent') ON CONFLICT (id) DO UPDATE SET name = EXCLUDED.name;
INSERT INTO vehicle_models (id, make_id, name) VALUES (34, 3, 'Creta') ON CONFLICT (id) DO UPDATE SET name = EXCLUDED.name;
INSERT INTO vehicle_models (id, make_id, name) VALUES (35, 3, 'i10') ON CONFLICT (id) DO UPDATE SET name = EXCLUDED.name;
INSERT INTO vehicle_models (id, make_id, name) VALUES (36, 3, 'i20') ON CONFLICT (id) DO UPDATE SET name = EXCLUDED.name;
INSERT INTO vehicle_models (id, make_id, name) VALUES (37, 3, 'Kona') ON CONFLICT (id) DO UPDATE SET name = EXCLUDED.name;
INSERT INTO vehicle_models (id, make_id, name) VALUES (38, 3, 'Venue') ON CONFLICT (id) DO UPDATE SET name = EXCLUDED.name;
INSERT INTO vehicle_models (id, make_id, name) VALUES (39, 4, 'Almera') ON CONFLICT (id) DO UPDATE SET name = EXCLUDED.name;
INSERT INTO vehicle_models (id, make_id, name) VALUES (40, 4, 'X-Trail') ON CONFLICT (id) DO UPDATE SET name = EXCLUDED.name;
INSERT INTO vehicle_models (id, make_id, name) VALUES (41, 4, 'Pathfinder') ON CONFLICT (id) DO UPDATE SET name = EXCLUDED.name;
INSERT INTO vehicle_models (id, make_id, name) VALUES (42, 4, 'Navara') ON CONFLICT (id) DO UPDATE SET name = EXCLUDED.name;
INSERT INTO vehicle_models (id, make_id, name) VALUES (43, 4, 'Note') ON CONFLICT (id) DO UPDATE SET name = EXCLUDED.name;
INSERT INTO vehicle_models (id, make_id, name) VALUES (44, 4, 'Sentra') ON CONFLICT (id) DO UPDATE SET name = EXCLUDED.name;
INSERT INTO vehicle_models (id, make_id, name) VALUES (45, 4, 'Altima') ON CONFLICT (id) DO UPDATE SET name = EXCLUDED.name;
INSERT INTO vehicle_models (id, make_id, name) VALUES (46, 4, 'Rogue') ON CONFLICT (id) DO UPDATE SET name = EXCLUDED.name;
INSERT INTO vehicle_models (id, make_id, name) VALUES (47, 4, 'Murano') ON CONFLICT (id) DO UPDATE SET name = EXCLUDED.name;
INSERT INTO vehicle_models (id, make_id, name) VALUES (48, 4, 'Kicks') ON CONFLICT (id) DO UPDATE SET name = EXCLUDED.name;
INSERT INTO vehicle_models (id, make_id, name) VALUES (49, 5, 'Sportage') ON CONFLICT (id) DO UPDATE SET name = EXCLUDED.name;
INSERT INTO vehicle_models (id, make_id, name) VALUES (50, 5, 'Rio') ON CONFLICT (id) DO UPDATE SET name = EXCLUDED.name;
INSERT INTO vehicle_models (id, make_id, name) VALUES (51, 5, 'Optima/K5') ON CONFLICT (id) DO UPDATE SET name = EXCLUDED.name;
INSERT INTO vehicle_models (id, make_id, name) VALUES (52, 5, 'Sorento') ON CONFLICT (id) DO UPDATE SET name = EXCLUDED.name;
INSERT INTO vehicle_models (id, make_id, name) VALUES (53, 5, 'Forte/Cerato') ON CONFLICT (id) DO UPDATE SET name = EXCLUDED.name;
INSERT INTO vehicle_models (id, make_id, name) VALUES (54, 5, 'Picanto') ON CONFLICT (id) DO UPDATE SET name = EXCLUDED.name;
INSERT INTO vehicle_models (id, make_id, name) VALUES (55, 5, 'Seltos') ON CONFLICT (id) DO UPDATE SET name = EXCLUDED.name;
INSERT INTO vehicle_models (id, make_id, name) VALUES (56, 5, 'Soul') ON CONFLICT (id) DO UPDATE SET name = EXCLUDED.name;
INSERT INTO vehicle_models (id, make_id, name) VALUES (57, 6, 'C-Class (W203/W204/W205)') ON CONFLICT (id) DO UPDATE SET name = EXCLUDED.name;
INSERT INTO vehicle_models (id, make_id, name) VALUES (58, 6, 'E-Class (W211/W212/W213)') ON CONFLICT (id) DO UPDATE SET name = EXCLUDED.name;
INSERT INTO vehicle_models (id, make_id, name) VALUES (59, 6, 'GLC') ON CONFLICT (id) DO UPDATE SET name = EXCLUDED.name;
INSERT INTO vehicle_models (id, make_id, name) VALUES (60, 6, 'GLE/ML') ON CONFLICT (id) DO UPDATE SET name = EXCLUDED.name;
INSERT INTO vehicle_models (id, make_id, name) VALUES (61, 6, 'GLK') ON CONFLICT (id) DO UPDATE SET name = EXCLUDED.name;
INSERT INTO vehicle_models (id, make_id, name) VALUES (62, 6, 'S-Class') ON CONFLICT (id) DO UPDATE SET name = EXCLUDED.name;
INSERT INTO vehicle_models (id, make_id, name) VALUES (63, 6, 'GLA') ON CONFLICT (id) DO UPDATE SET name = EXCLUDED.name;
INSERT INTO vehicle_models (id, make_id, name) VALUES (64, 6, 'Sprinter') ON CONFLICT (id) DO UPDATE SET name = EXCLUDED.name;
INSERT INTO vehicle_models (id, make_id, name) VALUES (65, 7, '3 Series (E90/F30/G20)') ON CONFLICT (id) DO UPDATE SET name = EXCLUDED.name;
INSERT INTO vehicle_models (id, make_id, name) VALUES (66, 7, '5 Series (E60/F10/G30)') ON CONFLICT (id) DO UPDATE SET name = EXCLUDED.name;
INSERT INTO vehicle_models (id, make_id, name) VALUES (67, 7, 'X3') ON CONFLICT (id) DO UPDATE SET name = EXCLUDED.name;
INSERT INTO vehicle_models (id, make_id, name) VALUES (68, 7, 'X5') ON CONFLICT (id) DO UPDATE SET name = EXCLUDED.name;
INSERT INTO vehicle_models (id, make_id, name) VALUES (69, 7, 'X1') ON CONFLICT (id) DO UPDATE SET name = EXCLUDED.name;
INSERT INTO vehicle_models (id, make_id, name) VALUES (70, 7, '7 Series') ON CONFLICT (id) DO UPDATE SET name = EXCLUDED.name;
INSERT INTO vehicle_models (id, make_id, name) VALUES (71, 8, 'Golf') ON CONFLICT (id) DO UPDATE SET name = EXCLUDED.name;
INSERT INTO vehicle_models (id, make_id, name) VALUES (72, 8, 'Passat') ON CONFLICT (id) DO UPDATE SET name = EXCLUDED.name;
INSERT INTO vehicle_models (id, make_id, name) VALUES (73, 8, 'Tiguan') ON CONFLICT (id) DO UPDATE SET name = EXCLUDED.name;
INSERT INTO vehicle_models (id, make_id, name) VALUES (74, 8, 'Polo') ON CONFLICT (id) DO UPDATE SET name = EXCLUDED.name;
INSERT INTO vehicle_models (id, make_id, name) VALUES (75, 8, 'Jetta') ON CONFLICT (id) DO UPDATE SET name = EXCLUDED.name;
INSERT INTO vehicle_models (id, make_id, name) VALUES (76, 8, 'Touareg') ON CONFLICT (id) DO UPDATE SET name = EXCLUDED.name;
INSERT INTO vehicle_models (id, make_id, name) VALUES (77, 9, 'Ranger') ON CONFLICT (id) DO UPDATE SET name = EXCLUDED.name;
INSERT INTO vehicle_models (id, make_id, name) VALUES (78, 9, 'Focus') ON CONFLICT (id) DO UPDATE SET name = EXCLUDED.name;
INSERT INTO vehicle_models (id, make_id, name) VALUES (79, 9, 'Escape/Kuga') ON CONFLICT (id) DO UPDATE SET name = EXCLUDED.name;
INSERT INTO vehicle_models (id, make_id, name) VALUES (80, 9, 'F-150') ON CONFLICT (id) DO UPDATE SET name = EXCLUDED.name;
INSERT INTO vehicle_models (id, make_id, name) VALUES (81, 9, 'Explorer') ON CONFLICT (id) DO UPDATE SET name = EXCLUDED.name;
INSERT INTO vehicle_models (id, make_id, name) VALUES (82, 9, 'EcoSport') ON CONFLICT (id) DO UPDATE SET name = EXCLUDED.name;
INSERT INTO vehicle_models (id, make_id, name) VALUES (83, 9, 'Edge') ON CONFLICT (id) DO UPDATE SET name = EXCLUDED.name;
INSERT INTO vehicle_models (id, make_id, name) VALUES (84, 9, 'Fusion') ON CONFLICT (id) DO UPDATE SET name = EXCLUDED.name;
INSERT INTO vehicle_models (id, make_id, name) VALUES (85, 10, 'Equinox') ON CONFLICT (id) DO UPDATE SET name = EXCLUDED.name;
INSERT INTO vehicle_models (id, make_id, name) VALUES (86, 10, 'Cruze') ON CONFLICT (id) DO UPDATE SET name = EXCLUDED.name;
INSERT INTO vehicle_models (id, make_id, name) VALUES (87, 10, 'Malibu') ON CONFLICT (id) DO UPDATE SET name = EXCLUDED.name;
INSERT INTO vehicle_models (id, make_id, name) VALUES (88, 10, 'Silverado') ON CONFLICT (id) DO UPDATE SET name = EXCLUDED.name;
INSERT INTO vehicle_models (id, make_id, name) VALUES (89, 10, 'Traverse') ON CONFLICT (id) DO UPDATE SET name = EXCLUDED.name;
INSERT INTO vehicle_models (id, make_id, name) VALUES (90, 10, 'Spark') ON CONFLICT (id) DO UPDATE SET name = EXCLUDED.name;
INSERT INTO vehicle_models (id, make_id, name) VALUES (91, 10, 'Trax') ON CONFLICT (id) DO UPDATE SET name = EXCLUDED.name;
INSERT INTO vehicle_models (id, make_id, name) VALUES (92, 11, 'Mazda3/Axela') ON CONFLICT (id) DO UPDATE SET name = EXCLUDED.name;
INSERT INTO vehicle_models (id, make_id, name) VALUES (93, 11, 'Mazda6/Atenza') ON CONFLICT (id) DO UPDATE SET name = EXCLUDED.name;
INSERT INTO vehicle_models (id, make_id, name) VALUES (94, 11, 'CX-5') ON CONFLICT (id) DO UPDATE SET name = EXCLUDED.name;
INSERT INTO vehicle_models (id, make_id, name) VALUES (95, 11, 'CX-3') ON CONFLICT (id) DO UPDATE SET name = EXCLUDED.name;
INSERT INTO vehicle_models (id, make_id, name) VALUES (96, 11, 'Demio/Mazda2') ON CONFLICT (id) DO UPDATE SET name = EXCLUDED.name;
INSERT INTO vehicle_models (id, make_id, name) VALUES (97, 12, 'L200/Triton') ON CONFLICT (id) DO UPDATE SET name = EXCLUDED.name;
INSERT INTO vehicle_models (id, make_id, name) VALUES (98, 12, 'Outlander') ON CONFLICT (id) DO UPDATE SET name = EXCLUDED.name;
INSERT INTO vehicle_models (id, make_id, name) VALUES (99, 12, 'Pajero/Montero') ON CONFLICT (id) DO UPDATE SET name = EXCLUDED.name;
INSERT INTO vehicle_models (id, make_id, name) VALUES (100, 12, 'ASX/RVR') ON CONFLICT (id) DO UPDATE SET name = EXCLUDED.name;
INSERT INTO vehicle_models (id, make_id, name) VALUES (101, 12, 'Lancer') ON CONFLICT (id) DO UPDATE SET name = EXCLUDED.name;
INSERT INTO vehicle_models (id, make_id, name) VALUES (102, 12, 'Canter') ON CONFLICT (id) DO UPDATE SET name = EXCLUDED.name;
INSERT INTO vehicle_models (id, make_id, name) VALUES (103, 13, 'Swift') ON CONFLICT (id) DO UPDATE SET name = EXCLUDED.name;
INSERT INTO vehicle_models (id, make_id, name) VALUES (104, 13, 'Vitara') ON CONFLICT (id) DO UPDATE SET name = EXCLUDED.name;
INSERT INTO vehicle_models (id, make_id, name) VALUES (105, 13, 'Jimny') ON CONFLICT (id) DO UPDATE SET name = EXCLUDED.name;
INSERT INTO vehicle_models (id, make_id, name) VALUES (106, 13, 'Alto') ON CONFLICT (id) DO UPDATE SET name = EXCLUDED.name;
INSERT INTO vehicle_models (id, make_id, name) VALUES (107, 13, 'SX4/S-Cross') ON CONFLICT (id) DO UPDATE SET name = EXCLUDED.name;
INSERT INTO vehicle_models (id, make_id, name) VALUES (108, 14, '208') ON CONFLICT (id) DO UPDATE SET name = EXCLUDED.name;
INSERT INTO vehicle_models (id, make_id, name) VALUES (109, 14, '308') ON CONFLICT (id) DO UPDATE SET name = EXCLUDED.name;
INSERT INTO vehicle_models (id, make_id, name) VALUES (110, 14, '3008') ON CONFLICT (id) DO UPDATE SET name = EXCLUDED.name;
INSERT INTO vehicle_models (id, make_id, name) VALUES (111, 14, '5008') ON CONFLICT (id) DO UPDATE SET name = EXCLUDED.name;
INSERT INTO vehicle_models (id, make_id, name) VALUES (112, 14, 'Partner') ON CONFLICT (id) DO UPDATE SET name = EXCLUDED.name;
INSERT INTO vehicle_models (id, make_id, name) VALUES (113, 15, 'Duster') ON CONFLICT (id) DO UPDATE SET name = EXCLUDED.name;
INSERT INTO vehicle_models (id, make_id, name) VALUES (114, 15, 'Clio') ON CONFLICT (id) DO UPDATE SET name = EXCLUDED.name;
INSERT INTO vehicle_models (id, make_id, name) VALUES (115, 15, 'Kwid') ON CONFLICT (id) DO UPDATE SET name = EXCLUDED.name;
INSERT INTO vehicle_models (id, make_id, name) VALUES (116, 15, 'Sandero') ON CONFLICT (id) DO UPDATE SET name = EXCLUDED.name;
INSERT INTO vehicle_models (id, make_id, name) VALUES (117, 16, 'D-Max') ON CONFLICT (id) DO UPDATE SET name = EXCLUDED.name;
INSERT INTO vehicle_models (id, make_id, name) VALUES (118, 16, 'MU-X') ON CONFLICT (id) DO UPDATE SET name = EXCLUDED.name;
INSERT INTO vehicle_models (id, make_id, name) VALUES (119, 16, 'NQR/NKR (Truck)') ON CONFLICT (id) DO UPDATE SET name = EXCLUDED.name;
INSERT INTO vehicle_models (id, make_id, name) VALUES (120, 17, 'Range Rover') ON CONFLICT (id) DO UPDATE SET name = EXCLUDED.name;
INSERT INTO vehicle_models (id, make_id, name) VALUES (121, 17, 'Range Rover Sport') ON CONFLICT (id) DO UPDATE SET name = EXCLUDED.name;
INSERT INTO vehicle_models (id, make_id, name) VALUES (122, 17, 'Range Rover Evoque') ON CONFLICT (id) DO UPDATE SET name = EXCLUDED.name;
INSERT INTO vehicle_models (id, make_id, name) VALUES (123, 17, 'Discovery') ON CONFLICT (id) DO UPDATE SET name = EXCLUDED.name;
INSERT INTO vehicle_models (id, make_id, name) VALUES (124, 17, 'Defender') ON CONFLICT (id) DO UPDATE SET name = EXCLUDED.name;
INSERT INTO vehicle_models (id, make_id, name) VALUES (125, 18, 'RX 350') ON CONFLICT (id) DO UPDATE SET name = EXCLUDED.name;
INSERT INTO vehicle_models (id, make_id, name) VALUES (126, 18, 'ES 350') ON CONFLICT (id) DO UPDATE SET name = EXCLUDED.name;
INSERT INTO vehicle_models (id, make_id, name) VALUES (127, 18, 'IS 250/300') ON CONFLICT (id) DO UPDATE SET name = EXCLUDED.name;
INSERT INTO vehicle_models (id, make_id, name) VALUES (128, 18, 'GX 460') ON CONFLICT (id) DO UPDATE SET name = EXCLUDED.name;
INSERT INTO vehicle_models (id, make_id, name) VALUES (129, 18, 'NX') ON CONFLICT (id) DO UPDATE SET name = EXCLUDED.name;
INSERT INTO vehicle_models (id, make_id, name) VALUES (130, 18, 'LX 570') ON CONFLICT (id) DO UPDATE SET name = EXCLUDED.name;
INSERT INTO vehicle_models (id, make_id, name) VALUES (131, 19, 'A3') ON CONFLICT (id) DO UPDATE SET name = EXCLUDED.name;
INSERT INTO vehicle_models (id, make_id, name) VALUES (132, 19, 'A4') ON CONFLICT (id) DO UPDATE SET name = EXCLUDED.name;
INSERT INTO vehicle_models (id, make_id, name) VALUES (133, 19, 'Q5') ON CONFLICT (id) DO UPDATE SET name = EXCLUDED.name;
INSERT INTO vehicle_models (id, make_id, name) VALUES (134, 19, 'Q7') ON CONFLICT (id) DO UPDATE SET name = EXCLUDED.name;
INSERT INTO vehicle_models (id, make_id, name) VALUES (135, 19, 'A6') ON CONFLICT (id) DO UPDATE SET name = EXCLUDED.name;
INSERT INTO vehicle_models (id, make_id, name) VALUES (136, 20, 'Forester') ON CONFLICT (id) DO UPDATE SET name = EXCLUDED.name;
INSERT INTO vehicle_models (id, make_id, name) VALUES (137, 20, 'Outback') ON CONFLICT (id) DO UPDATE SET name = EXCLUDED.name;
INSERT INTO vehicle_models (id, make_id, name) VALUES (138, 20, 'Impreza') ON CONFLICT (id) DO UPDATE SET name = EXCLUDED.name;
INSERT INTO vehicle_models (id, make_id, name) VALUES (139, 20, 'XV/Crosstrek') ON CONFLICT (id) DO UPDATE SET name = EXCLUDED.name;
INSERT INTO vehicle_models (id, make_id, name) VALUES (140, 21, 'MDX') ON CONFLICT (id) DO UPDATE SET name = EXCLUDED.name;
INSERT INTO vehicle_models (id, make_id, name) VALUES (141, 21, 'TLX/TL') ON CONFLICT (id) DO UPDATE SET name = EXCLUDED.name;
INSERT INTO vehicle_models (id, make_id, name) VALUES (142, 21, 'RDX') ON CONFLICT (id) DO UPDATE SET name = EXCLUDED.name;
INSERT INTO vehicle_models (id, make_id, name) VALUES (143, 21, 'TSX') ON CONFLICT (id) DO UPDATE SET name = EXCLUDED.name;
INSERT INTO vehicle_models (id, make_id, name) VALUES (144, 22, 'CF') ON CONFLICT (id) DO UPDATE SET name = EXCLUDED.name;
INSERT INTO vehicle_models (id, make_id, name) VALUES (145, 22, 'XF') ON CONFLICT (id) DO UPDATE SET name = EXCLUDED.name;
INSERT INTO vehicle_models (id, make_id, name) VALUES (146, 22, 'LF') ON CONFLICT (id) DO UPDATE SET name = EXCLUDED.name;
INSERT INTO vehicle_models (id, make_id, name) VALUES (147, 23, 'TGA') ON CONFLICT (id) DO UPDATE SET name = EXCLUDED.name;
INSERT INTO vehicle_models (id, make_id, name) VALUES (148, 23, 'TGX') ON CONFLICT (id) DO UPDATE SET name = EXCLUDED.name;
INSERT INTO vehicle_models (id, make_id, name) VALUES (149, 23, 'TGS') ON CONFLICT (id) DO UPDATE SET name = EXCLUDED.name;
INSERT INTO vehicle_models (id, make_id, name) VALUES (150, 24, 'R Series') ON CONFLICT (id) DO UPDATE SET name = EXCLUDED.name;
INSERT INTO vehicle_models (id, make_id, name) VALUES (151, 24, 'P Series') ON CONFLICT (id) DO UPDATE SET name = EXCLUDED.name;
INSERT INTO vehicle_models (id, make_id, name) VALUES (152, 24, 'G Series') ON CONFLICT (id) DO UPDATE SET name = EXCLUDED.name;

-- ============ DEMO VENDOR ACCOUNTS ============
INSERT INTO users (id, phone, name, role, is_verified, created_at, updated_at) VALUES ('00000000-0000-0000-0000-000000000001', '+233200000001', 'Tonaton Auto Parts', 'vendor', true, NOW(), NOW()) ON CONFLICT (id) DO NOTHING;
INSERT INTO vendors (id, user_id, shop_name, location, whatsapp_number, description, is_approved, created_at) VALUES ('00000000-0000-0000-0001-000000000001', '00000000-0000-0000-0000-000000000001', 'Tonaton Auto Parts', 'Abossey Okai, Accra', '+233200000001', 'Wide selection of new and used auto parts for all major vehicle makes. Verified listings from Tonaton''s top-rated sellers.', true, NOW()) ON CONFLICT (id) DO NOTHING;
INSERT INTO users (id, phone, name, role, is_verified, created_at, updated_at) VALUES ('00000000-0000-0000-0000-000000000002', '+233200000002', 'Jiji Spare Parts Hub', 'vendor', true, NOW(), NOW()) ON CONFLICT (id) DO NOTHING;
INSERT INTO vendors (id, user_id, shop_name, location, whatsapp_number, description, is_approved, created_at) VALUES ('00000000-0000-0000-0001-000000000002', '00000000-0000-0000-0000-000000000002', 'Jiji Spare Parts Hub', 'Abossey Okai, Accra', '+233200000002', 'Quality spare parts at competitive prices. Sourced from Jiji Ghana''s most trusted auto parts dealers.', true, NOW()) ON CONFLICT (id) DO NOTHING;

-- ============ SEED LISTINGS ============
INSERT INTO parts (id, vendor_id, title, description, price, category_id, condition, make_id, model_id, year_from, year_to, images, is_available, created_at, updated_at) VALUES ('10000000-0000-0000-0000-000000000001', '00000000-0000-0000-0001-000000000001', 'Front Brake Pads - Toyota Corolla 2009-2019', 'Brake Pads (Front) - Quality part sourced from verified Ghana dealers. Compatible with listed vehicle years.', 15000, 2, 'new', 1, 1, 2009, 2019, '{}', true, NOW(), NOW()) ON CONFLICT (id) DO NOTHING;
INSERT INTO parts (id, vendor_id, title, description, price, category_id, condition, make_id, model_id, year_from, year_to, images, is_available, created_at, updated_at) VALUES ('10000000-0000-0000-0000-000000000002', '00000000-0000-0000-0001-000000000001', 'Rear Brake Pads - Toyota Corolla 2014-2019', 'Brake Pads (Rear) - Quality part sourced from verified Ghana dealers. Compatible with listed vehicle years.', 12000, 2, 'new', 1, 1, 2014, 2019, '{}', true, NOW(), NOW()) ON CONFLICT (id) DO NOTHING;
INSERT INTO parts (id, vendor_id, title, description, price, category_id, condition, make_id, model_id, year_from, year_to, images, is_available, created_at, updated_at) VALUES ('10000000-0000-0000-0000-000000000003', '00000000-0000-0000-0001-000000000001', 'Front Shock Absorber (Pair) - Toyota Corolla 2008-2013', 'Shock Absorber (Front) - Quality part sourced from verified Ghana dealers. Compatible with listed vehicle years.', 45000, 2, 'new', 1, 1, 2008, 2013, '{}', true, NOW(), NOW()) ON CONFLICT (id) DO NOTHING;
INSERT INTO parts (id, vendor_id, title, description, price, category_id, condition, make_id, model_id, year_from, year_to, images, is_available, created_at, updated_at) VALUES ('10000000-0000-0000-0000-000000000004', '00000000-0000-0000-0001-000000000002', 'Radiator - Toyota Corolla 2009-2013', 'Radiator - Quality part sourced from verified Ghana dealers. Compatible with listed vehicle years.', 65000, 5, 'new', 1, 1, 2009, 2013, '{}', true, NOW(), NOW()) ON CONFLICT (id) DO NOTHING;
INSERT INTO parts (id, vendor_id, title, description, price, category_id, condition, make_id, model_id, year_from, year_to, images, is_available, created_at, updated_at) VALUES ('10000000-0000-0000-0000-000000000005', '00000000-0000-0000-0001-000000000002', 'AC Condenser - Toyota Corolla 2014-2019', 'AC Condenser - Quality part sourced from verified Ghana dealers. Compatible with listed vehicle years.', 55000, 5, 'new', 1, 1, 2014, 2019, '{}', true, NOW(), NOW()) ON CONFLICT (id) DO NOTHING;
INSERT INTO parts (id, vendor_id, title, description, price, category_id, condition, make_id, model_id, year_from, year_to, images, is_available, created_at, updated_at) VALUES ('10000000-0000-0000-0000-000000000006', '00000000-0000-0000-0001-000000000001', 'Headlight Assembly (Left) - Toyota Corolla 2014-2017', 'Headlight Assembly (Left) - Quality part sourced from verified Ghana dealers. Compatible with listed vehicle years.', 85000, 4, 'new', 1, 1, 2014, 2017, '{}', true, NOW(), NOW()) ON CONFLICT (id) DO NOTHING;
INSERT INTO parts (id, vendor_id, title, description, price, category_id, condition, make_id, model_id, year_from, year_to, images, is_available, created_at, updated_at) VALUES ('10000000-0000-0000-0000-000000000007', '00000000-0000-0000-0001-000000000001', 'Headlight Assembly (Right) - Toyota Corolla 2014-2017', 'Headlight Assembly (Right) - Quality part sourced from verified Ghana dealers. Compatible with listed vehicle years.', 85000, 4, 'new', 1, 1, 2014, 2017, '{}', true, NOW(), NOW()) ON CONFLICT (id) DO NOTHING;
INSERT INTO parts (id, vendor_id, title, description, price, category_id, condition, make_id, model_id, year_from, year_to, images, is_available, created_at, updated_at) VALUES ('10000000-0000-0000-0000-000000000008', '00000000-0000-0000-0001-000000000002', 'Tail Light Assembly (Left) - Toyota Corolla 2014-2017', 'Tail Light Assembly (Left) - Quality part sourced from verified Ghana dealers. Compatible with listed vehicle years.', 35000, 4, 'new', 1, 1, 2014, 2017, '{}', true, NOW(), NOW()) ON CONFLICT (id) DO NOTHING;
INSERT INTO parts (id, vendor_id, title, description, price, category_id, condition, make_id, model_id, year_from, year_to, images, is_available, created_at, updated_at) VALUES ('10000000-0000-0000-0000-000000000009', '00000000-0000-0000-0001-000000000001', 'Lower Control Arm - Toyota Corolla 2009-2019', 'Control Arm (Lower) - Quality part sourced from verified Ghana dealers. Compatible with listed vehicle years.', 25000, 2, 'new', 1, 1, 2009, 2019, '{}', true, NOW(), NOW()) ON CONFLICT (id) DO NOTHING;
INSERT INTO parts (id, vendor_id, title, description, price, category_id, condition, make_id, model_id, year_from, year_to, images, is_available, created_at, updated_at) VALUES ('10000000-0000-0000-0000-000000000010', '00000000-0000-0000-0001-000000000002', 'Tie Rod End (Pair) - Toyota Corolla 2009-2019', 'Tie Rod End - Quality part sourced from verified Ghana dealers. Compatible with listed vehicle years.', 18000, 2, 'new', 1, 1, 2009, 2019, '{}', true, NOW(), NOW()) ON CONFLICT (id) DO NOTHING;
INSERT INTO parts (id, vendor_id, title, description, price, category_id, condition, make_id, model_id, year_from, year_to, images, is_available, created_at, updated_at) VALUES ('10000000-0000-0000-0000-000000000011', '00000000-0000-0000-0001-000000000001', 'Stabilizer Link - Toyota Corolla 2009-2019', 'Stabilizer/Sway Bar Link - Quality part sourced from verified Ghana dealers. Compatible with listed vehicle years.', 8000, 2, 'new', 1, 1, 2009, 2019, '{}', true, NOW(), NOW()) ON CONFLICT (id) DO NOTHING;
INSERT INTO parts (id, vendor_id, title, description, price, category_id, condition, make_id, model_id, year_from, year_to, images, is_available, created_at, updated_at) VALUES ('10000000-0000-0000-0000-000000000012', '00000000-0000-0000-0001-000000000002', 'Oil Filter - Toyota Corolla (All Years)', 'Oil Filter - Quality part sourced from verified Ghana dealers. Compatible with listed vehicle years.', 3500, 6, 'new', 1, 1, 2003, 2024, '{}', true, NOW(), NOW()) ON CONFLICT (id) DO NOTHING;
INSERT INTO parts (id, vendor_id, title, description, price, category_id, condition, make_id, model_id, year_from, year_to, images, is_available, created_at, updated_at) VALUES ('10000000-0000-0000-0000-000000000013', '00000000-0000-0000-0001-000000000001', 'Air Filter - Toyota Corolla 2009-2019', 'Air Filter - Quality part sourced from verified Ghana dealers. Compatible with listed vehicle years.', 4500, 6, 'new', 1, 1, 2009, 2019, '{}', true, NOW(), NOW()) ON CONFLICT (id) DO NOTHING;
INSERT INTO parts (id, vendor_id, title, description, price, category_id, condition, make_id, model_id, year_from, year_to, images, is_available, created_at, updated_at) VALUES ('10000000-0000-0000-0000-000000000014', '00000000-0000-0000-0001-000000000002', 'Spark Plug Set (4pcs) - Toyota Corolla 2009-2019', 'Spark Plug - Quality part sourced from verified Ghana dealers. Compatible with listed vehicle years.', 12000, 1, 'new', 1, 1, 2009, 2019, '{}', true, NOW(), NOW()) ON CONFLICT (id) DO NOTHING;
INSERT INTO parts (id, vendor_id, title, description, price, category_id, condition, make_id, model_id, year_from, year_to, images, is_available, created_at, updated_at) VALUES ('10000000-0000-0000-0000-000000000015', '00000000-0000-0000-0001-000000000001', 'Engine Mount Set - Toyota Corolla 2009-2013', 'Engine Mount - Quality part sourced from verified Ghana dealers. Compatible with listed vehicle years.', 35000, 1, 'new', 1, 1, 2009, 2013, '{}', true, NOW(), NOW()) ON CONFLICT (id) DO NOTHING;
INSERT INTO parts (id, vendor_id, title, description, price, category_id, condition, make_id, model_id, year_from, year_to, images, is_available, created_at, updated_at) VALUES ('10000000-0000-0000-0000-000000000016', '00000000-0000-0000-0001-000000000001', 'Front Brake Pads - Toyota Camry 2012-2018', 'Brake Pads (Front) - Quality part sourced from verified Ghana dealers. Compatible with listed vehicle years.', 18000, 2, 'new', 1, 2, 2012, 2018, '{}', true, NOW(), NOW()) ON CONFLICT (id) DO NOTHING;
INSERT INTO parts (id, vendor_id, title, description, price, category_id, condition, make_id, model_id, year_from, year_to, images, is_available, created_at, updated_at) VALUES ('10000000-0000-0000-0000-000000000017', '00000000-0000-0000-0001-000000000002', 'Front Shock Absorber (Pair) - Toyota Camry 2012-2017', 'Shock Absorber (Front) - Quality part sourced from verified Ghana dealers. Compatible with listed vehicle years.', 55000, 2, 'new', 1, 2, 2012, 2017, '{}', true, NOW(), NOW()) ON CONFLICT (id) DO NOTHING;
INSERT INTO parts (id, vendor_id, title, description, price, category_id, condition, make_id, model_id, year_from, year_to, images, is_available, created_at, updated_at) VALUES ('10000000-0000-0000-0000-000000000018', '00000000-0000-0000-0001-000000000001', 'Radiator - Toyota Camry 2012-2017', 'Radiator - Quality part sourced from verified Ghana dealers. Compatible with listed vehicle years.', 75000, 5, 'new', 1, 2, 2012, 2017, '{}', true, NOW(), NOW()) ON CONFLICT (id) DO NOTHING;
INSERT INTO parts (id, vendor_id, title, description, price, category_id, condition, make_id, model_id, year_from, year_to, images, is_available, created_at, updated_at) VALUES ('10000000-0000-0000-0000-000000000019', '00000000-0000-0000-0001-000000000002', 'Headlight Assembly (Left) - Toyota Camry 2012-2014', 'Headlight Assembly (Left) - Quality part sourced from verified Ghana dealers. Compatible with listed vehicle years.', 95000, 4, 'new', 1, 2, 2012, 2014, '{}', true, NOW(), NOW()) ON CONFLICT (id) DO NOTHING;
INSERT INTO parts (id, vendor_id, title, description, price, category_id, condition, make_id, model_id, year_from, year_to, images, is_available, created_at, updated_at) VALUES ('10000000-0000-0000-0000-000000000020', '00000000-0000-0000-0001-000000000001', 'AC Compressor - Toyota Camry 2012-2017', 'AC Compressor - Quality part sourced from verified Ghana dealers. Compatible with listed vehicle years.', 120000, 5, 'new', 1, 2, 2012, 2017, '{}', true, NOW(), NOW()) ON CONFLICT (id) DO NOTHING;
INSERT INTO parts (id, vendor_id, title, description, price, category_id, condition, make_id, model_id, year_from, year_to, images, is_available, created_at, updated_at) VALUES ('10000000-0000-0000-0000-000000000021', '00000000-0000-0000-0001-000000000002', 'Alternator - Toyota Camry 2012-2017', 'Alternator - Quality part sourced from verified Ghana dealers. Compatible with listed vehicle years.', 80000, 8, 'used', 1, 2, 2012, 2017, '{}', true, NOW(), NOW()) ON CONFLICT (id) DO NOTHING;
INSERT INTO parts (id, vendor_id, title, description, price, category_id, condition, make_id, model_id, year_from, year_to, images, is_available, created_at, updated_at) VALUES ('10000000-0000-0000-0000-000000000022', '00000000-0000-0000-0001-000000000001', 'Front Brake Pads - Toyota RAV4 2013-2018', 'Brake Pads (Front) - Quality part sourced from verified Ghana dealers. Compatible with listed vehicle years.', 20000, 2, 'new', 1, 3, 2013, 2018, '{}', true, NOW(), NOW()) ON CONFLICT (id) DO NOTHING;
INSERT INTO parts (id, vendor_id, title, description, price, category_id, condition, make_id, model_id, year_from, year_to, images, is_available, created_at, updated_at) VALUES ('10000000-0000-0000-0000-000000000023', '00000000-0000-0000-0001-000000000002', 'Rear Shock Absorber (Pair) - Toyota RAV4 2013-2018', 'Shock Absorber (Rear) - Quality part sourced from verified Ghana dealers. Compatible with listed vehicle years.', 60000, 2, 'new', 1, 3, 2013, 2018, '{}', true, NOW(), NOW()) ON CONFLICT (id) DO NOTHING;
INSERT INTO parts (id, vendor_id, title, description, price, category_id, condition, make_id, model_id, year_from, year_to, images, is_available, created_at, updated_at) VALUES ('10000000-0000-0000-0000-000000000024', '00000000-0000-0000-0001-000000000001', 'Radiator - Toyota RAV4 2013-2018', 'Radiator - Quality part sourced from verified Ghana dealers. Compatible with listed vehicle years.', 80000, 5, 'new', 1, 3, 2013, 2018, '{}', true, NOW(), NOW()) ON CONFLICT (id) DO NOTHING;
INSERT INTO parts (id, vendor_id, title, description, price, category_id, condition, make_id, model_id, year_from, year_to, images, is_available, created_at, updated_at) VALUES ('10000000-0000-0000-0000-000000000025', '00000000-0000-0000-0001-000000000002', 'Side Mirror (Left) - Toyota RAV4 2013-2018', 'Side Mirror - Quality part sourced from verified Ghana dealers. Compatible with listed vehicle years.', 45000, 3, 'new', 1, 3, 2013, 2018, '{}', true, NOW(), NOW()) ON CONFLICT (id) DO NOTHING;
INSERT INTO parts (id, vendor_id, title, description, price, category_id, condition, make_id, model_id, year_from, year_to, images, is_available, created_at, updated_at) VALUES ('10000000-0000-0000-0000-000000000026', '00000000-0000-0000-0001-000000000001', 'Front Shock Absorber (Pair) - Toyota Hilux 2015-2024', 'Shock Absorber (Front) - Quality part sourced from verified Ghana dealers. Compatible with listed vehicle years.', 70000, 2, 'new', 1, 4, 2015, 2024, '{}', true, NOW(), NOW()) ON CONFLICT (id) DO NOTHING;
INSERT INTO parts (id, vendor_id, title, description, price, category_id, condition, make_id, model_id, year_from, year_to, images, is_available, created_at, updated_at) VALUES ('10000000-0000-0000-0000-000000000027', '00000000-0000-0000-0001-000000000002', 'Brake Disc/Rotor (Front) - Toyota Hilux 2015-2024', 'Brake Disc/Rotor - Quality part sourced from verified Ghana dealers. Compatible with listed vehicle years.', 35000, 2, 'new', 1, 4, 2015, 2024, '{}', true, NOW(), NOW()) ON CONFLICT (id) DO NOTHING;
INSERT INTO parts (id, vendor_id, title, description, price, category_id, condition, make_id, model_id, year_from, year_to, images, is_available, created_at, updated_at) VALUES ('10000000-0000-0000-0000-000000000028', '00000000-0000-0000-0001-000000000001', 'Leaf Spring (Rear) - Toyota Hilux 2015-2024', 'Leaf Spring - Quality part sourced from verified Ghana dealers. Compatible with listed vehicle years.', 90000, 2, 'new', 1, 4, 2015, 2024, '{}', true, NOW(), NOW()) ON CONFLICT (id) DO NOTHING;
INSERT INTO parts (id, vendor_id, title, description, price, category_id, condition, make_id, model_id, year_from, year_to, images, is_available, created_at, updated_at) VALUES ('10000000-0000-0000-0000-000000000029', '00000000-0000-0000-0001-000000000002', 'Front Brake Pads - Honda Civic 2012-2016', 'Brake Pads (Front) - Quality part sourced from verified Ghana dealers. Compatible with listed vehicle years.', 14000, 2, 'new', 2, 19, 2012, 2016, '{}', true, NOW(), NOW()) ON CONFLICT (id) DO NOTHING;
INSERT INTO parts (id, vendor_id, title, description, price, category_id, condition, make_id, model_id, year_from, year_to, images, is_available, created_at, updated_at) VALUES ('10000000-0000-0000-0000-000000000030', '00000000-0000-0000-0001-000000000001', 'Front Shock Absorber (Pair) - Honda Civic 2012-2016', 'Shock Absorber (Front) - Quality part sourced from verified Ghana dealers. Compatible with listed vehicle years.', 40000, 2, 'new', 2, 19, 2012, 2016, '{}', true, NOW(), NOW()) ON CONFLICT (id) DO NOTHING;
INSERT INTO parts (id, vendor_id, title, description, price, category_id, condition, make_id, model_id, year_from, year_to, images, is_available, created_at, updated_at) VALUES ('10000000-0000-0000-0000-000000000031', '00000000-0000-0000-0001-000000000002', 'Radiator - Honda Civic 2012-2016', 'Radiator - Quality part sourced from verified Ghana dealers. Compatible with listed vehicle years.', 60000, 5, 'new', 2, 19, 2012, 2016, '{}', true, NOW(), NOW()) ON CONFLICT (id) DO NOTHING;
INSERT INTO parts (id, vendor_id, title, description, price, category_id, condition, make_id, model_id, year_from, year_to, images, is_available, created_at, updated_at) VALUES ('10000000-0000-0000-0000-000000000032', '00000000-0000-0000-0001-000000000001', 'Headlight Assembly (Left) - Honda Civic 2012-2015', 'Headlight Assembly (Left) - Quality part sourced from verified Ghana dealers. Compatible with listed vehicle years.', 75000, 4, 'new', 2, 19, 2012, 2015, '{}', true, NOW(), NOW()) ON CONFLICT (id) DO NOTHING;
INSERT INTO parts (id, vendor_id, title, description, price, category_id, condition, make_id, model_id, year_from, year_to, images, is_available, created_at, updated_at) VALUES ('10000000-0000-0000-0000-000000000033', '00000000-0000-0000-0001-000000000002', 'CV Axle (Left) - Honda Civic 2012-2016', 'CV Axle/Driveshaft - Quality part sourced from verified Ghana dealers. Compatible with listed vehicle years.', 35000, 2, 'new', 2, 19, 2012, 2016, '{}', true, NOW(), NOW()) ON CONFLICT (id) DO NOTHING;
INSERT INTO parts (id, vendor_id, title, description, price, category_id, condition, make_id, model_id, year_from, year_to, images, is_available, created_at, updated_at) VALUES ('10000000-0000-0000-0000-000000000034', '00000000-0000-0000-0001-000000000001', 'Front Brake Pads - Honda CR-V 2012-2017', 'Brake Pads (Front) - Quality part sourced from verified Ghana dealers. Compatible with listed vehicle years.', 16000, 2, 'new', 2, 21, 2012, 2017, '{}', true, NOW(), NOW()) ON CONFLICT (id) DO NOTHING;
INSERT INTO parts (id, vendor_id, title, description, price, category_id, condition, make_id, model_id, year_from, year_to, images, is_available, created_at, updated_at) VALUES ('10000000-0000-0000-0000-000000000035', '00000000-0000-0000-0001-000000000002', 'Radiator - Honda CR-V 2012-2017', 'Radiator - Quality part sourced from verified Ghana dealers. Compatible with listed vehicle years.', 70000, 5, 'new', 2, 21, 2012, 2017, '{}', true, NOW(), NOW()) ON CONFLICT (id) DO NOTHING;
INSERT INTO parts (id, vendor_id, title, description, price, category_id, condition, make_id, model_id, year_from, year_to, images, is_available, created_at, updated_at) VALUES ('10000000-0000-0000-0000-000000000036', '00000000-0000-0000-0001-000000000001', 'Rear Shock Absorber (Pair) - Honda CR-V 2012-2017', 'Shock Absorber (Rear) - Quality part sourced from verified Ghana dealers. Compatible with listed vehicle years.', 50000, 2, 'new', 2, 21, 2012, 2017, '{}', true, NOW(), NOW()) ON CONFLICT (id) DO NOTHING;
INSERT INTO parts (id, vendor_id, title, description, price, category_id, condition, make_id, model_id, year_from, year_to, images, is_available, created_at, updated_at) VALUES ('10000000-0000-0000-0000-000000000037', '00000000-0000-0000-0001-000000000002', 'Front Brake Pads - Hyundai Tucson 2016-2021', 'Brake Pads (Front) - Quality part sourced from verified Ghana dealers. Compatible with listed vehicle years.', 16000, 2, 'new', 3, 29, 2016, 2021, '{}', true, NOW(), NOW()) ON CONFLICT (id) DO NOTHING;
INSERT INTO parts (id, vendor_id, title, description, price, category_id, condition, make_id, model_id, year_from, year_to, images, is_available, created_at, updated_at) VALUES ('10000000-0000-0000-0000-000000000038', '00000000-0000-0000-0001-000000000001', 'Front Shock Absorber (Pair) - Hyundai Tucson 2016-2021', 'Shock Absorber (Front) - Quality part sourced from verified Ghana dealers. Compatible with listed vehicle years.', 55000, 2, 'new', 3, 29, 2016, 2021, '{}', true, NOW(), NOW()) ON CONFLICT (id) DO NOTHING;
INSERT INTO parts (id, vendor_id, title, description, price, category_id, condition, make_id, model_id, year_from, year_to, images, is_available, created_at, updated_at) VALUES ('10000000-0000-0000-0000-000000000039', '00000000-0000-0000-0001-000000000002', 'Headlight Assembly (Left) - Hyundai Tucson 2016-2018', 'Headlight Assembly (Left) - Quality part sourced from verified Ghana dealers. Compatible with listed vehicle years.', 90000, 4, 'new', 3, 29, 2016, 2018, '{}', true, NOW(), NOW()) ON CONFLICT (id) DO NOTHING;
INSERT INTO parts (id, vendor_id, title, description, price, category_id, condition, make_id, model_id, year_from, year_to, images, is_available, created_at, updated_at) VALUES ('10000000-0000-0000-0000-000000000040', '00000000-0000-0000-0001-000000000001', 'AC Condenser - Hyundai Tucson 2016-2021', 'AC Condenser - Quality part sourced from verified Ghana dealers. Compatible with listed vehicle years.', 60000, 5, 'new', 3, 29, 2016, 2021, '{}', true, NOW(), NOW()) ON CONFLICT (id) DO NOTHING;
INSERT INTO parts (id, vendor_id, title, description, price, category_id, condition, make_id, model_id, year_from, year_to, images, is_available, created_at, updated_at) VALUES ('10000000-0000-0000-0000-000000000041', '00000000-0000-0000-0001-000000000002', 'Ball Joint (Lower) - Hyundai Tucson 2016-2021', 'Ball Joint - Quality part sourced from verified Ghana dealers. Compatible with listed vehicle years.', 12000, 2, 'new', 3, 29, 2016, 2021, '{}', true, NOW(), NOW()) ON CONFLICT (id) DO NOTHING;
INSERT INTO parts (id, vendor_id, title, description, price, category_id, condition, make_id, model_id, year_from, year_to, images, is_available, created_at, updated_at) VALUES ('10000000-0000-0000-0000-000000000042', '00000000-0000-0000-0001-000000000001', 'Front Brake Pads - Hyundai Elantra 2011-2016', 'Brake Pads (Front) - Quality part sourced from verified Ghana dealers. Compatible with listed vehicle years.', 12000, 2, 'new', 3, 30, 2011, 2016, '{}', true, NOW(), NOW()) ON CONFLICT (id) DO NOTHING;
INSERT INTO parts (id, vendor_id, title, description, price, category_id, condition, make_id, model_id, year_from, year_to, images, is_available, created_at, updated_at) VALUES ('10000000-0000-0000-0000-000000000043', '00000000-0000-0000-0001-000000000002', 'Tie Rod End (Pair) - Hyundai Elantra 2011-2016', 'Tie Rod End - Quality part sourced from verified Ghana dealers. Compatible with listed vehicle years.', 15000, 2, 'new', 3, 30, 2011, 2016, '{}', true, NOW(), NOW()) ON CONFLICT (id) DO NOTHING;
INSERT INTO parts (id, vendor_id, title, description, price, category_id, condition, make_id, model_id, year_from, year_to, images, is_available, created_at, updated_at) VALUES ('10000000-0000-0000-0000-000000000044', '00000000-0000-0000-0001-000000000001', 'Ball Joint - Hyundai Elantra 2008-2016', 'Ball Joint - Quality part sourced from verified Ghana dealers. Compatible with listed vehicle years.', 10000, 2, 'new', 3, 30, 2008, 2016, '{}', true, NOW(), NOW()) ON CONFLICT (id) DO NOTHING;
INSERT INTO parts (id, vendor_id, title, description, price, category_id, condition, make_id, model_id, year_from, year_to, images, is_available, created_at, updated_at) VALUES ('10000000-0000-0000-0000-000000000045', '00000000-0000-0000-0001-000000000002', 'Front Brake Pads - Nissan X-Trail 2014-2020', 'Brake Pads (Front) - Quality part sourced from verified Ghana dealers. Compatible with listed vehicle years.', 18000, 2, 'new', 4, 40, 2014, 2020, '{}', true, NOW(), NOW()) ON CONFLICT (id) DO NOTHING;
INSERT INTO parts (id, vendor_id, title, description, price, category_id, condition, make_id, model_id, year_from, year_to, images, is_available, created_at, updated_at) VALUES ('10000000-0000-0000-0000-000000000046', '00000000-0000-0000-0001-000000000001', 'Radiator - Nissan Almera 2006-2013', 'Radiator - Quality part sourced from verified Ghana dealers. Compatible with listed vehicle years.', 55000, 5, 'new', 4, 39, 2006, 2013, '{}', true, NOW(), NOW()) ON CONFLICT (id) DO NOTHING;
INSERT INTO parts (id, vendor_id, title, description, price, category_id, condition, make_id, model_id, year_from, year_to, images, is_available, created_at, updated_at) VALUES ('10000000-0000-0000-0000-000000000047', '00000000-0000-0000-0001-000000000002', 'Front Shock Absorber (Pair) - Nissan Pathfinder 2013-2020', 'Shock Absorber (Front) - Quality part sourced from verified Ghana dealers. Compatible with listed vehicle years.', 65000, 2, 'new', 4, 41, 2013, 2020, '{}', true, NOW(), NOW()) ON CONFLICT (id) DO NOTHING;
INSERT INTO parts (id, vendor_id, title, description, price, category_id, condition, make_id, model_id, year_from, year_to, images, is_available, created_at, updated_at) VALUES ('10000000-0000-0000-0000-000000000048', '00000000-0000-0000-0001-000000000001', 'Front Brake Pads - Mercedes C-Class W204 2008-2014', 'Brake Pads (Front) - Quality part sourced from verified Ghana dealers. Compatible with listed vehicle years.', 25000, 2, 'new', 6, 57, 2008, 2014, '{}', true, NOW(), NOW()) ON CONFLICT (id) DO NOTHING;
INSERT INTO parts (id, vendor_id, title, description, price, category_id, condition, make_id, model_id, year_from, year_to, images, is_available, created_at, updated_at) VALUES ('10000000-0000-0000-0000-000000000049', '00000000-0000-0000-0001-000000000002', 'Headlight Assembly (Left) - Mercedes C-Class W204', 'Headlight Assembly (Left) - Quality part sourced from verified Ghana dealers. Compatible with listed vehicle years.', 150000, 4, 'new', 6, 57, 2008, 2014, '{}', true, NOW(), NOW()) ON CONFLICT (id) DO NOTHING;
INSERT INTO parts (id, vendor_id, title, description, price, category_id, condition, make_id, model_id, year_from, year_to, images, is_available, created_at, updated_at) VALUES ('10000000-0000-0000-0000-000000000050', '00000000-0000-0000-0001-000000000001', 'Radiator - Mercedes E-Class W212 2010-2016', 'Radiator - Quality part sourced from verified Ghana dealers. Compatible with listed vehicle years.', 120000, 5, 'new', 6, 58, 2010, 2016, '{}', true, NOW(), NOW()) ON CONFLICT (id) DO NOTHING;
INSERT INTO parts (id, vendor_id, title, description, price, category_id, condition, make_id, model_id, year_from, year_to, images, is_available, created_at, updated_at) VALUES ('10000000-0000-0000-0000-000000000051', '00000000-0000-0000-0001-000000000002', 'Sprinter Control Arm - Mercedes Sprinter 2006-2018', 'Control Arm (Lower) - Quality part sourced from verified Ghana dealers. Compatible with listed vehicle years.', 45000, 2, 'new', 6, 64, 2006, 2018, '{}', true, NOW(), NOW()) ON CONFLICT (id) DO NOTHING;
INSERT INTO parts (id, vendor_id, title, description, price, category_id, condition, make_id, model_id, year_from, year_to, images, is_available, created_at, updated_at) VALUES ('10000000-0000-0000-0000-000000000052', '00000000-0000-0000-0001-000000000001', 'Front Brake Pads - Kia Sportage 2016-2021', 'Brake Pads (Front) - Quality part sourced from verified Ghana dealers. Compatible with listed vehicle years.', 15000, 2, 'new', 5, 49, 2016, 2021, '{}', true, NOW(), NOW()) ON CONFLICT (id) DO NOTHING;
INSERT INTO parts (id, vendor_id, title, description, price, category_id, condition, make_id, model_id, year_from, year_to, images, is_available, created_at, updated_at) VALUES ('10000000-0000-0000-0000-000000000053', '00000000-0000-0000-0001-000000000002', 'Radiator - Kia Rio 2012-2017', 'Radiator - Quality part sourced from verified Ghana dealers. Compatible with listed vehicle years.', 50000, 5, 'new', 5, 50, 2012, 2017, '{}', true, NOW(), NOW()) ON CONFLICT (id) DO NOTHING;
INSERT INTO parts (id, vendor_id, title, description, price, category_id, condition, make_id, model_id, year_from, year_to, images, is_available, created_at, updated_at) VALUES ('10000000-0000-0000-0000-000000000054', '00000000-0000-0000-0001-000000000001', 'Front Brake Pads - Ford Ranger 2012-2020', 'Brake Pads (Front) - Quality part sourced from verified Ghana dealers. Compatible with listed vehicle years.', 20000, 2, 'new', 9, 77, 2012, 2020, '{}', true, NOW(), NOW()) ON CONFLICT (id) DO NOTHING;
INSERT INTO parts (id, vendor_id, title, description, price, category_id, condition, make_id, model_id, year_from, year_to, images, is_available, created_at, updated_at) VALUES ('10000000-0000-0000-0000-000000000055', '00000000-0000-0000-0001-000000000002', 'Front Shock Absorber (Pair) - Ford Escape 2013-2019', 'Shock Absorber (Front) - Quality part sourced from verified Ghana dealers. Compatible with listed vehicle years.', 50000, 2, 'new', 9, 79, 2013, 2019, '{}', true, NOW(), NOW()) ON CONFLICT (id) DO NOTHING;
INSERT INTO parts (id, vendor_id, title, description, price, category_id, condition, make_id, model_id, year_from, year_to, images, is_available, created_at, updated_at) VALUES ('10000000-0000-0000-0000-000000000056', '00000000-0000-0000-0001-000000000001', 'Front Brake Pads - BMW 3 Series F30 2012-2018', 'Brake Pads (Front) - Quality part sourced from verified Ghana dealers. Compatible with listed vehicle years.', 30000, 2, 'new', 7, 65, 2012, 2018, '{}', true, NOW(), NOW()) ON CONFLICT (id) DO NOTHING;
INSERT INTO parts (id, vendor_id, title, description, price, category_id, condition, make_id, model_id, year_from, year_to, images, is_available, created_at, updated_at) VALUES ('10000000-0000-0000-0000-000000000057', '00000000-0000-0000-0001-000000000002', 'Radiator - BMW X5 E70 2007-2013', 'Radiator - Quality part sourced from verified Ghana dealers. Compatible with listed vehicle years.', 140000, 5, 'new', 7, 68, 2007, 2013, '{}', true, NOW(), NOW()) ON CONFLICT (id) DO NOTHING;
INSERT INTO parts (id, vendor_id, title, description, price, category_id, condition, make_id, model_id, year_from, year_to, images, is_available, created_at, updated_at) VALUES ('10000000-0000-0000-0000-000000000058', '00000000-0000-0000-0001-000000000001', 'Front Brake Pads - Lexus RX 350 2010-2015', 'Brake Pads (Front) - Quality part sourced from verified Ghana dealers. Compatible with listed vehicle years.', 22000, 2, 'new', 18, 125, 2010, 2015, '{}', true, NOW(), NOW()) ON CONFLICT (id) DO NOTHING;
INSERT INTO parts (id, vendor_id, title, description, price, category_id, condition, make_id, model_id, year_from, year_to, images, is_available, created_at, updated_at) VALUES ('10000000-0000-0000-0000-000000000059', '00000000-0000-0000-0001-000000000002', 'Grille (Front) - Lexus RX 350 2013-2015', 'Grille - Quality part sourced from verified Ghana dealers. Compatible with listed vehicle years.', 65000, 3, 'new', 18, 125, 2013, 2015, '{}', true, NOW(), NOW()) ON CONFLICT (id) DO NOTHING;
INSERT INTO parts (id, vendor_id, title, description, price, category_id, condition, make_id, model_id, year_from, year_to, images, is_available, created_at, updated_at) VALUES ('10000000-0000-0000-0000-000000000060', '00000000-0000-0000-0001-000000000002', 'Down Grille - Lexus RX 350 2023-2025', 'Grille - Quality part sourced from verified Ghana dealers. Compatible with listed vehicle years.', 25000, 3, 'used', 18, 125, 2023, 2025, '{}', true, NOW(), NOW()) ON CONFLICT (id) DO NOTHING;
INSERT INTO parts (id, vendor_id, title, description, price, category_id, condition, make_id, model_id, year_from, year_to, images, is_available, created_at, updated_at) VALUES ('10000000-0000-0000-0000-000000000061', '00000000-0000-0000-0001-000000000001', 'Car Battery 75AH - Universal Fit', 'Car Battery - Quality part sourced from verified Ghana dealers. Compatible with listed vehicle years.', 85000, 8, 'new', NULL, NULL, NULL, NULL, '{}', true, NOW(), NOW()) ON CONFLICT (id) DO NOTHING;
INSERT INTO parts (id, vendor_id, title, description, price, category_id, condition, make_id, model_id, year_from, year_to, images, is_available, created_at, updated_at) VALUES ('10000000-0000-0000-0000-000000000062', '00000000-0000-0000-0001-000000000002', 'Car Battery 60AH - Universal Fit', 'Car Battery - Quality part sourced from verified Ghana dealers. Compatible with listed vehicle years.', 65000, 8, 'new', NULL, NULL, NULL, NULL, '{}', true, NOW(), NOW()) ON CONFLICT (id) DO NOTHING;
INSERT INTO parts (id, vendor_id, title, description, price, category_id, condition, make_id, model_id, year_from, year_to, images, is_available, created_at, updated_at) VALUES ('10000000-0000-0000-0000-000000000063', '00000000-0000-0000-0001-000000000001', 'Engine Oil 5W-30 Full Synthetic (4L)', 'Engine Oil (5W-30) - Quality part sourced from verified Ghana dealers. Compatible with listed vehicle years.', 18000, 6, 'new', NULL, NULL, NULL, NULL, '{}', true, NOW(), NOW()) ON CONFLICT (id) DO NOTHING;
INSERT INTO parts (id, vendor_id, title, description, price, category_id, condition, make_id, model_id, year_from, year_to, images, is_available, created_at, updated_at) VALUES ('10000000-0000-0000-0000-000000000064', '00000000-0000-0000-0001-000000000002', 'Engine Oil 10W-40 Semi-Synthetic (4L)', 'Engine Oil (10W-40) - Quality part sourced from verified Ghana dealers. Compatible with listed vehicle years.', 12000, 6, 'new', NULL, NULL, NULL, NULL, '{}', true, NOW(), NOW()) ON CONFLICT (id) DO NOTHING;
INSERT INTO parts (id, vendor_id, title, description, price, category_id, condition, make_id, model_id, year_from, year_to, images, is_available, created_at, updated_at) VALUES ('10000000-0000-0000-0000-000000000065', '00000000-0000-0000-0001-000000000001', 'Brake Fluid DOT 4 (500ml)', 'Brake Fluid - Quality part sourced from verified Ghana dealers. Compatible with listed vehicle years.', 3500, 6, 'new', NULL, NULL, NULL, NULL, '{}', true, NOW(), NOW()) ON CONFLICT (id) DO NOTHING;
INSERT INTO parts (id, vendor_id, title, description, price, category_id, condition, make_id, model_id, year_from, year_to, images, is_available, created_at, updated_at) VALUES ('10000000-0000-0000-0000-000000000066', '00000000-0000-0000-0001-000000000002', 'Coolant/Antifreeze (1L)', 'Coolant/Antifreeze - Quality part sourced from verified Ghana dealers. Compatible with listed vehicle years.', 4000, 6, 'new', NULL, NULL, NULL, NULL, '{}', true, NOW(), NOW()) ON CONFLICT (id) DO NOTHING;
INSERT INTO parts (id, vendor_id, title, description, price, category_id, condition, make_id, model_id, year_from, year_to, images, is_available, created_at, updated_at) VALUES ('10000000-0000-0000-0000-000000000067', '00000000-0000-0000-0001-000000000001', 'Leather Seat Cover Set (Universal)', 'Seat Cover - Quality part sourced from verified Ghana dealers. Compatible with listed vehicle years.', 45000, 10, 'new', NULL, NULL, NULL, NULL, '{}', true, NOW(), NOW()) ON CONFLICT (id) DO NOTHING;
INSERT INTO parts (id, vendor_id, title, description, price, category_id, condition, make_id, model_id, year_from, year_to, images, is_available, created_at, updated_at) VALUES ('10000000-0000-0000-0000-000000000068', '00000000-0000-0000-0001-000000000002', 'Floor Mat Set (Universal, Rubber)', 'Floor Mat - Quality part sourced from verified Ghana dealers. Compatible with listed vehicle years.', 15000, 10, 'new', NULL, NULL, NULL, NULL, '{}', true, NOW(), NOW()) ON CONFLICT (id) DO NOTHING;
INSERT INTO parts (id, vendor_id, title, description, price, category_id, condition, make_id, model_id, year_from, year_to, images, is_available, created_at, updated_at) VALUES ('10000000-0000-0000-0000-000000000069', '00000000-0000-0000-0001-000000000001', 'Dash Cam 1080P (Front)', 'Dash Cam (Front) - Quality part sourced from verified Ghana dealers. Compatible with listed vehicle years.', 25000, 12, 'new', NULL, NULL, NULL, NULL, '{}', true, NOW(), NOW()) ON CONFLICT (id) DO NOTHING;
INSERT INTO parts (id, vendor_id, title, description, price, category_id, condition, make_id, model_id, year_from, year_to, images, is_available, created_at, updated_at) VALUES ('10000000-0000-0000-0000-000000000070', '00000000-0000-0000-0001-000000000002', 'GPS Tracker (Real-time, SIM-based)', 'GPS Tracker - Quality part sourced from verified Ghana dealers. Compatible with listed vehicle years.', 20000, 12, 'new', NULL, NULL, NULL, NULL, '{}', true, NOW(), NOW()) ON CONFLICT (id) DO NOTHING;
INSERT INTO parts (id, vendor_id, title, description, price, category_id, condition, make_id, model_id, year_from, year_to, images, is_available, created_at, updated_at) VALUES ('10000000-0000-0000-0000-000000000071', '00000000-0000-0000-0001-000000000001', 'Car Alarm System with Remote', 'Car Alarm System - Quality part sourced from verified Ghana dealers. Compatible with listed vehicle years.', 35000, 12, 'new', NULL, NULL, NULL, NULL, '{}', true, NOW(), NOW()) ON CONFLICT (id) DO NOTHING;
INSERT INTO parts (id, vendor_id, title, description, price, category_id, condition, make_id, model_id, year_from, year_to, images, is_available, created_at, updated_at) VALUES ('10000000-0000-0000-0000-000000000072', '00000000-0000-0000-0001-000000000002', 'Android Car Stereo 9" (Universal, GPS + CarPlay)', 'Android Auto/CarPlay Unit - Quality part sourced from verified Ghana dealers. Compatible with listed vehicle years.', 80000, 11, 'new', NULL, NULL, NULL, NULL, '{}', true, NOW(), NOW()) ON CONFLICT (id) DO NOTHING;

COMMIT;

-- ============ SUMMARY ============
-- Categories: 12
-- Subcategories: 191
-- Vehicle Makes: 24
-- Vehicle Models: 152
-- Demo Vendors: 2
-- Seed Listings: 72
